{
  "processors": [
    {
      "input_block": "minecraft:oak_planks",
      "output_blocks": [ 
        "minecraft:cobblestone", 
        "minecraft:mossy_cobblestone" 
      ],
      "probability": 1,
      "processor_type": "repurposed_structures:random_replace_with_properties_processor"
    },
    {
      "input_block": "minecraft:oak_fence_gate",
      "output_blocks": [ "minecraft:spruce_fence_gate" ],
      "probability": 1,
      "processor_type": "repurposed_structures:random_replace_with_properties_processor"
    },
    {
      "input_block": "minecraft:oak_slab",
      "output_blocks": [ 
        "minecraft:cobblestone_slab", 
        "minecraft:mossy_cobblestone_slab" 
      ],
      "probability": 1,
      "processor_type": "repurposed_structures:random_replace_with_properties_processor"
    }
  ]
}
