{
  "type": "repurposed_structures:generic_jigsaw_structure",
  "start_pool": "repurposed_structures:pyramids/end",
  "size": 20,
  "min_y_allowed": 50,
  "terrain_height_radius_check": 1,
  "biomes": "#repurposed_structures:has_structure/pyramids/end",
  "step": "surface_structures",
  "terrain_adaptation": "none",
  "project_start_to_heightmap": "WORLD_SURFACE_WG",
  "burying_type": "AVERAGE_LAND",
  "liquid_settings": "ignore_waterlogging",
  "start_height": {
    "absolute": -3
  },
  "spawn_overrides": {
    "monster": {
      "bounding_box": "piece",
      "spawns": [
        {
          "type": "minecraft:endermite",
          "weight": 100,
          "minCount": 8,
          "maxCount": 24
        }
      ]
    }
  }
}