{
  "name": "repurposed_structures:villages/dark_forest/houses",
  "fallback": "minecraft:empty",
  "elements": [
    {
      "weight": 4,
      "element": {
        "location": "dynamicvillage:villages/dark_forest/mech",
        "processors": "repurposed_structures:villages/dark_forest/mossify",
        "projection": "rigid",
        "element_type": "minecraft:legacy_single_pool_element"
      }
    },
    {
      "weight": 4,
      "element": {
        "location": "dynamicvillage:villages/dark_forest/miner",
        "processors": "repurposed_structures:villages/dark_forest/mossify",
        "projection": "rigid",
        "element_type": "minecraft:legacy_single_pool_element"
      }
    },
    {
      "weight": 4,
      "element": {
        "location": "dynamicvillage:villages/dark_forest/plumber",
        "processors": "repurposed_structures:villages/dark_forest/mossify",
        "projection": "rigid",
        "element_type": "minecraft:legacy_single_pool_element"
      }
    },
    {
      "weight": 4,
      "element": {
        "location": "dynamicvillage:villages/dark_forest/train",
        "processors": "repurposed_structures:villages/dark_forest/mossify",
        "projection": "rigid",
        "element_type": "minecraft:legacy_single_pool_element"
      }
    }
  ]
}