{
  "name": "repurposed_structures:villages/swamp/houses",
  "fallback": "repurposed_structures:villages/swamp/terminators",
  "elements": [
    {
      "weight": 1,
      "element": {
        "location": "morevillagers:village/swamp/engineer",
        "processors": "repurposed_structures:villages/swamp/mossify",
        "projection": "rigid",
        "element_type": "minecraft:legacy_single_pool_element"
      }
    },
    {
      "weight": 2,
      "element": {
        "location": "morevillagers:village/swamp/florist",
        "processors": "repurposed_structures:villages/swamp/mossify",
        "projection": "rigid",
        "element_type": "minecraft:legacy_single_pool_element"
      }
    },
    {
      "weight": 1,
      "element": {
        "location": "morevillagers:village/swamp/hunter",
        "processors": "repurposed_structures:villages/swamp/mossify",
        "projection": "rigid",
        "element_type": "minecraft:legacy_single_pool_element"
      }
    },
    {
      "weight": 2,
      "element": {
        "location": "morevillagers:village/swamp/oceanographer",
        "processors": "repurposed_structures:villages/swamp/mossify",
        "projection": "rigid",
        "element_type": "minecraft:legacy_single_pool_element"
      }
    },
    {
      "weight": 2,
      "element": {
        "location": "morevillagers:village/swamp/woodworker",
        "processors": "repurposed_structures:villages/swamp/mossify",
        "projection": "rigid",
        "element_type": "minecraft:legacy_single_pool_element"
      }
    }
  ]
}
