{
  "type": "minecraft:chest",
  "pools": [
    {
      "rolls": {
        "type": "minecraft:uniform",
        "min": 2.0,
        "max": 4.0
      },
      "bonus_rolls": 0.0,
      "entries": [
        {
          "type": "minecraft:item",
          "weight": 5,
          "functions": [
            {
              "function": "minecraft:set_count",
              "count": {
                "type": "minecraft:uniform",
                "min": 4.0,
                "max": 8.0
              },
              "add": false
            }
          ],
          "name": "minecraft:arrow"
        },
        {
          "type": "minecraft:item",
          "weight": 5,
          "functions": [
            {
              "function": "minecraft:set_count",
              "count": {
                "type": "minecraft:uniform",
                "min": 2.0,
                "max": 3.0
              },
              "add": false
            }
          ],
          "name": "minecraft:flint"
        }
      ]
    },
    {
      "rolls": 1,
      "bonus_rolls": 0.0,
      "entries": [
        {
          "type": "minecraft:item",
          "weight": 20,
          "functions": [
            {
              "add": false,
              "damage": {
                "type": "minecraft:uniform",
                "max": 0.8,
                "min": 0.1
              },
              "function": "minecraft:set_damage"
            }
          ],
          "name": "minecraft:bow"
        },
        {
          "type": "minecraft:item",
          "weight": 10,
          "functions": [
            {
              "function": "minecraft:enchant_with_levels",
              "levels": 10,
              "options": "#minecraft:on_random_loot"
            },
            {
              "add": false,
              "damage": {
                "type": "minecraft:uniform",
                "max": 0.8,
                "min": 0.1
              },
              "function": "minecraft:set_damage"
            }
          ],
          "name": "minecraft:bow"
        },
        {
          "type": "minecraft:item",
          "weight": 5,
          "functions": [
            {
              "function": "minecraft:enchant_with_levels",
              "levels": 15,
              "options": "#minecraft:on_random_loot"
            },
            {
              "add": false,
              "damage": {
                "type": "minecraft:uniform",
                "max": 0.8,
                "min": 0.1
              },
              "function": "minecraft:set_damage"
            }
          ],
          "name": "minecraft:bow"
        }
      ]
    }
  ]
}