{
  "name": "hexfortress:jungle/bridge_end",
  "fallback": "hexfortress:jungle/bridge_end",
  "elements": [
    {
      "weight": 4,
      "element": {
        "element_type": "minecraft:single_pool_element",
        "projection": "rigid",
        "location": "hexfortress:jungle/bridge/end",
        "processors": "hexfortress:jungle/decor/crying_obsidian_20"
      }
    },
    {
      "weight": 1,
      "element": {
        "element_type": "minecraft:single_pool_element",
        "projection": "rigid",
        "location": "hexfortress:jungle/bridge/end_broken",
        "processors": "hexfortress:jungle/decor/random_nether_brick_pile"
      }
    }
  ]
}