{
  "name": "hexfortress:jungle/low_bridge_adjusters",
  "fallback": "hexfortress:jungle/low_bridge_end",
  "elements": [
    {
      "weight": 3,
      "element": {
        "element_type": "minecraft:single_pool_element",
        "projection": "rigid",
        "location": "hexfortress:jungle/low_bridge_adjuster/straight",
        "processors": "hexfortress:jungle/decor/crying_obsidian_20"
      }
    },
    {
      "weight": 1,
      "element": {
        "element_type": "minecraft:single_pool_element",
        "projection": "rigid",
        "location": "hexfortress:jungle/low_bridge_adjuster/cross",
        "processors": "hexfortress:jungle/decor/crying_obsidian_20"
      }
    }
  ]
}