{
  "name": "hexfortress:jungle/middle_bridge_end",
  "fallback": "hexfortress:jungle/middle_bridge_end",
  "elements": [
    {
      "weight": 40,
      "element": {
        "element_type": "minecraft:single_pool_element",
        "projection": "rigid",
        "location": "hexfortress:jungle/bridge/end",
        "processors": "hexfortress:jungle/decor/crying_obsidian_20"
      }
    },
    {
      "weight": 10,
      "element": {
        "element_type": "minecraft:single_pool_element",
        "projection": "rigid",
        "location": "hexfortress:jungle/bridge/end_broken",
        "processors": "hexfortress:jungle/decor/random_nether_brick_pile"
      }
    },
    {
      "weight": 5,
      "element": {
        "element_type": "minecraft:single_pool_element",
        "projection": "rigid",
        "location": "hexfortress:jungle/stairs/middle_low_straight_right",
        "processors": "hexfortress:jungle/decor/crying_obsidian_20"
      }
    },
    {
      "weight": 5,
      "element": {
        "element_type": "minecraft:single_pool_element",
        "projection": "rigid",
        "location": "hexfortress:jungle/stairs/middle_low_straight_left",
        "processors": "hexfortress:jungle/decor/crying_obsidian_20"
      }
    },
    {
      "weight": 5,
      "element": {
        "element_type": "minecraft:single_pool_element",
        "projection": "rigid",
        "location": "hexfortress:jungle/stairs/middle_low_cross_right",
        "processors": "hexfortress:jungle/decor/crying_obsidian_20"
      }
    },
    {
      "weight": 5,
      "element": {
        "element_type": "minecraft:single_pool_element",
        "projection": "rigid",
        "location": "hexfortress:jungle/stairs/middle_low_cross_left",
        "processors": "hexfortress:jungle/decor/crying_obsidian_20"
      }
    }
  ]
}