{
  "name": "repurposed_structures:villages/cherry/zombie/houses",
  "fallback": "minecraft:empty",
  "elements": [
    {
      "weight": 5,
      "element": {
        "location": "rats:villages/cherry/garbage_heap",
        "processors": "repurposed_structures:villages/cherry/zombify",
        "projection": "rigid",
        "element_type": "minecraft:legacy_single_pool_element"
      }
    },
    {
      "weight": 12,
      "element": {
        "location": "rats:villages/cherry/zombie_pet_shop",
        "processors": "repurposed_structures:villages/cherry/zombify",
        "projection": "rigid",
        "element_type": "minecraft:legacy_single_pool_element"
      }
    }
  ]
}