{
  "processors": [
    {
      "processor_type": "repurposed_structures:structure_surface_processor",
      "allow_void_sides": true,
      "delegate": {
        "processor_type": "minecraft:rule",
        "rules": [
          {
            "input_predicate": {
              "block": "minecraft:stone_slab",
              "probability": 0.15,
              "predicate_type": "minecraft:random_block_match"
            },
            "location_predicate": {
              "predicate_type": "minecraft:always_true"
            },
            "output_state": {
              "Name": "minecraft:gravel"
            }
          },
          {
            "input_predicate": {
              "block": "minecraft:stone_bricks",
              "probability": 0.03,
              "predicate_type": "minecraft:random_block_match"
            },
            "location_predicate": {
              "predicate_type": "minecraft:always_true"
            },
            "output_state": {
              "Name": "minecraft:gravel"
            }
          },
          {
            "input_predicate": {
              "block": "minecraft:cracked_stone_bricks",
              "probability": 0.03,
              "predicate_type": "minecraft:random_block_match"
            },
            "location_predicate": {
              "predicate_type": "minecraft:always_true"
            },
            "output_state": {
              "Name": "minecraft:gravel"
            }
          },
          {
            "input_predicate": {
              "block": "minecraft:mossy_stone_bricks",
              "probability": 0.03,
              "predicate_type": "minecraft:random_block_match"
            },
            "location_predicate": {
              "predicate_type": "minecraft:always_true"
            },
            "output_state": {
              "Name": "minecraft:gravel"
            }
          },

          {
            "block_entity_modifier": {
              "type": "minecraft:append_loot",
              "loot_table": "repurposed_structures:archaeology/temple_ocean"
            },
            "input_predicate": {
              "block": "minecraft:stone_slab",
              "probability": 0.1,
              "predicate_type": "minecraft:random_block_match"
            },
            "location_predicate": {
              "predicate_type": "minecraft:always_true"
            },
            "output_state": {
              "Name": "minecraft:suspicious_gravel",
              "Properties": {
                "dusted": "0"
              }
            }
          },
          {
            "block_entity_modifier": {
              "type": "minecraft:append_loot",
              "loot_table": "repurposed_structures:archaeology/temple_ocean"
            },
            "input_predicate": {
              "block": "minecraft:stone_bricks",
              "probability": 0.01,
              "predicate_type": "minecraft:random_block_match"
            },
            "location_predicate": {
              "predicate_type": "minecraft:always_true"
            },
            "output_state": {
              "Name": "minecraft:suspicious_gravel",
              "Properties": {
                "dusted": "0"
              }
            }
          },
          {
            "block_entity_modifier": {
              "type": "minecraft:append_loot",
              "loot_table": "repurposed_structures:archaeology/temple_ocean"
            },
            "input_predicate": {
              "block": "minecraft:cracked_stone_bricks",
              "probability": 0.01,
              "predicate_type": "minecraft:random_block_match"
            },
            "location_predicate": {
              "predicate_type": "minecraft:always_true"
            },
            "output_state": {
              "Name": "minecraft:suspicious_gravel",
              "Properties": {
                "dusted": "0"
              }
            }
          },
          {
            "block_entity_modifier": {
              "type": "minecraft:append_loot",
              "loot_table": "repurposed_structures:archaeology/temple_ocean"
            },
            "input_predicate": {
              "block": "minecraft:mossy_stone_bricks",
              "probability": 0.01,
              "predicate_type": "minecraft:random_block_match"
            },
            "location_predicate": {
              "predicate_type": "minecraft:always_true"
            },
            "output_state": {
              "Name": "minecraft:suspicious_gravel",
              "Properties": {
                "dusted": "0"
              }
            }
          }
        ]
      }
    },
    {
      "processor_type": "betterjungletemples:empty_dispenser_processor"
    },
    {
      "processor_type": "betterjungletemples:fireball_dispenser_processor"
    },
    {
      "processor_type": "betterjungletemples:blast_furnace_processor"
    },
    {
      "processor_type": "betterjungletemples:item_frame_processor"
    },
    {
      "processor_type": "betterjungletemples:block_replace_processor",
      "target_block": {
        "Name": "minecraft:blue_concrete"
      },
      "output": {
        "defaultBlockState": {
          "Name": "minecraft:water"
        },
        "entries": [
          {
            "blockState": {
              "Name": "minecraft:stone_bricks"
            },
            "probability": 0.15
          },
          {
            "blockState": {
              "Name": "minecraft:mossy_stone_bricks"
            },
            "probability": 0.15
          }
        ]
      }
    },
    {
      "processor_type": "betterjungletemples:block_replace_processor",
      "target_block": {
        "Name": "minecraft:pink_concrete"
      },
      "output": {
        "defaultBlockState": {
          "Name": "minecraft:infested_stone_bricks"
        },
        "entries": [
        ]
      }
    },
    {
      "processor_type": "betterjungletemples:pillar_processor",
      "target_block": {
        "Name": "minecraft:orange_stained_glass"
      },
      "target_block_output": {
        "defaultBlockState": {
          "Name": "minecraft:stone_bricks"
        },
        "entries": [
          {
            "blockState": {
              "Name": "minecraft:mossy_stone_bricks"
            },
            "probability": 0.6
          }
        ]
      },
      "pillar_states": {
        "defaultBlockState": {
          "Name": "minecraft:stone_bricks"
        },
        "entries": [
          {
            "blockState": {
              "Name": "minecraft:mossy_stone_bricks"
            },
            "probability": 0.6
          }
        ]
      }
    },
    {
      "processor_type": "betterjungletemples:block_replace_processor",
      "target_block": {
        "Name": "minecraft:granite"
      },
      "output": {
        "defaultBlockState": {
          "Name": "minecraft:stone_bricks"
        },
        "entries": [
          {
            "blockState": {
              "Name": "minecraft:mossy_stone_bricks"
            },
            "probability": 0.4
          },
          {
            "blockState": {
              "Name": "minecraft:moss_block"
            },
            "probability": 0.05
          },
          {
            "blockState": {
              "Name": "minecraft:coarse_dirt"
            },
            "probability": 0.05
          },
          {
            "blockState": {
              "Name": "minecraft:stone_brick_slab",
              "Properties": {
                "waterlogged": "true"
              }
            },
            "probability": 0.1
          },
          {
            "blockState": {
              "Name": "minecraft:mossy_stone_brick_slab",
              "Properties": {
                "waterlogged": "true"
              }
            },
            "probability": 0.1
          }
        ]
      }
    },
    {
      "processor_type": "betterjungletemples:block_replace_processor",
      "target_block": {
        "Name": "minecraft:polished_granite"
      },
      "output": {
        "defaultBlockState": {
          "Name": "minecraft:stone_bricks"
        },
        "entries": [
          {
            "blockState": {
              "Name": "minecraft:mossy_stone_bricks"
            },
            "probability": 0.25
          },
          {
            "blockState": {
              "Name": "minecraft:infested_stone_bricks"
            },
            "probability": 0.5
          }
        ]
      }
    },
    {
      "processor_type": "betterjungletemples:block_replace_processor",
      "target_block": {
        "Name": "minecraft:smooth_red_sandstone"
      },
      "output": {
        "defaultBlockState": {
          "Name": "minecraft:stone_bricks"
        },
        "entries": [
          {
            "blockState": {
              "Name": "minecraft:mossy_stone_bricks"
            },
            "probability": 0.6
          }
        ]
      }
    },
    {
      "processor_type": "betterjungletemples:block_replace_processor",
      "copy_input_properties": true,
      "target_block": {
        "Name": "minecraft:red_sandstone_slab"
      },
      "output": {
        "defaultBlockState": {
          "Name": "minecraft:stone_brick_slab",
          "Properties": {
            "waterlogged": "true"
          }
        },
        "entries": [
          {
            "blockState": {
              "Name": "minecraft:mossy_stone_brick_slab",
              "Properties": {
                "waterlogged": "true"
              }
            },
            "probability": 0.6
          }
        ]
      }
    },
    {
      "processor_type": "betterjungletemples:block_replace_processor",
      "copy_input_properties": true,
      "target_block": {
        "Name": "minecraft:smooth_red_sandstone_slab"
      },
      "output": {
        "defaultBlockState": {
          "Name": "minecraft:stone_brick_slab",
          "Properties": {
            "waterlogged": "true"
          }
        },
        "entries": [
          {
            "blockState": {
              "Name": "minecraft:mossy_stone_brick_slab",
              "Properties": {
                "waterlogged": "true"
              }
            },
            "probability": 0.6
          }
        ]
      }
    },
    {
      "processor_type": "betterjungletemples:block_replace_processor",
      "copy_input_properties": true,
      "target_block": {
        "Name": "minecraft:cut_red_sandstone_slab"
      },
      "output": {
        "defaultBlockState": {
          "Name": "minecraft:stone_brick_slab",
          "Properties": {
            "waterlogged": "true"
          }
        },
        "entries": [
          {
            "blockState": {
              "Name": "minecraft:mossy_stone_brick_slab",
              "Properties": {
                "waterlogged": "true"
              }
            },
            "probability": 0.6
          }
        ]
      }
    },
    {
      "processor_type": "betterjungletemples:block_replace_processor",
      "copy_input_properties": true,
      "target_block": {
        "Name": "minecraft:red_sandstone_wall"
      },
      "output": {
        "defaultBlockState": {
          "Name": "minecraft:stone_brick_wall",
          "Properties": {
            "waterlogged": "true"
          }
        },
        "entries": [
          {
            "blockState": {
              "Name": "minecraft:mossy_stone_brick_wall",
              "Properties": {
                "waterlogged": "true"
              }
            },
            "probability": 0.6
          }
        ]
      }
    },
    {
      "processor_type": "betterjungletemples:block_replace_processor",
      "target_block": {
        "Name": "minecraft:chiseled_red_sandstone"
      },
      "output": {
        "defaultBlockState": {
          "Name": "minecraft:chiseled_stone_bricks"
        },
        "entries": [
          {
            "blockState": {
              "Name": "minecraft:infested_chiseled_stone_bricks"
            },
            "probability": 0.75
          }
        ]
      }
    },
    {
      "processor_type": "betterjungletemples:block_replace_processor",
      "randomize_facing": true,
      "target_block": {
        "Name": "minecraft:red_sandstone"
      },
      "output": {
        "defaultBlockState": {
          "Name": "minecraft:stone_bricks"
        },
        "entries": [
          {
            "blockState": {
              "Name": "minecraft:mossy_stone_bricks"
            },
            "probability": 0.4
          },
          {
            "blockState": {
              "Name": "minecraft:stone_brick_slab",
              "Properties": {
                "waterlogged": "true"
              }
            },
            "probability": 0.1
          },
          {
            "blockState": {
              "Name": "minecraft:mossy_stone_brick_slab",
              "Properties": {
                "waterlogged": "true"
              }
            },
            "probability": 0.1
          },
          {
            "blockState": {
              "Name": "minecraft:stone_brick_stairs",
              "Properties": {
                "waterlogged": "true"
              }
            },
            "probability": 0.1
          },
          {
            "blockState": {
              "Name": "minecraft:mossy_stone_brick_stairs",
              "Properties": {
                "waterlogged": "true"
              }
            },
            "probability": 0.1
          }
        ]
      }
    },
    {
      "processor_type": "betterjungletemples:block_replace_processor",
      "copy_input_properties": true,
      "target_block": {
        "Name": "minecraft:red_sandstone_stairs"
      },
      "output": {
        "defaultBlockState": {
          "Name": "minecraft:stone_brick_stairs",
          "Properties": {
            "waterlogged": "true"
          }
        },
        "entries": [
          {
            "blockState": {
              "Name": "minecraft:mossy_stone_brick_stairs",
              "Properties": {
                "waterlogged": "true"
              }
            },
            "probability": 0.6
          }
        ]
      }
    },
    {
      "processor_type": "betterjungletemples:block_replace_processor",
      "copy_input_properties": true,
      "target_block": {
        "Name": "minecraft:smooth_red_sandstone_stairs"
      },
      "output": {
        "defaultBlockState": {
          "Name": "minecraft:stone_brick_stairs",
          "Properties": {
            "waterlogged": "true"
          }
        },
        "entries": [
          {
            "blockState": {
              "Name": "minecraft:mossy_stone_brick_stairs",
              "Properties": {
                "waterlogged": "true"
              }
            },
            "probability": 0.6
          }
        ]
      }
    },
    {
      "processor_type": "betterjungletemples:block_replace_processor",
      "copy_input_properties": true,
      "target_block": {
        "Name": "minecraft:granite_stairs"
      },
      "output": {
        "defaultBlockState": {
          "Name": "minecraft:stone_brick_stairs",
          "Properties": {
            "waterlogged": "true"
          }
        },
        "entries": [
          {
            "blockState": {
              "Name": "minecraft:mossy_stone_brick_stairs",
              "Properties": {
                "waterlogged": "true"
              }
            },
            "probability": 0.3
          },
          {
            "blockState": {
              "Name": "minecraft:stone_brick_slab",
              "Properties": {
                "waterlogged": "true"
              }
            },
            "probability": 0.1
          },
          {
            "blockState": {
              "Name": "minecraft:mossy_stone_brick_slab",
              "Properties": {
                "waterlogged": "true"
              }
            },
            "probability": 0.1
          },
          {
            "blockState": {
              "Name": "minecraft:water"
            },
            "probability": 0.2
          }
        ]
      }
    },
    {
      "processor_type": "betterjungletemples:block_replace_processor",
      "copy_input_properties": true,
      "randomize_half": true,
      "target_block": {
        "Name": "minecraft:polished_granite_stairs"
      },
      "output": {
        "defaultBlockState": {
          "Name": "minecraft:stone_bricks"
        },
        "entries": [
          {
            "blockState": {
              "Name": "minecraft:mossy_stone_bricks"
            },
            "probability": 0.3
          },
          {
            "blockState": {
              "Name": "minecraft:stone_brick_stairs",
              "Properties": {
                "waterlogged": "true"
              }
            },
            "probability": 0.1
          },
          {
            "blockState": {
              "Name": "minecraft:mossy_stone_brick_stairs",
              "Properties": {
                "waterlogged": "true"
              }
            },
            "probability": 0.1
          }
        ]
      }
    },
    {
      "processor_type": "betterjungletemples:block_replace_processor",
      "target_block": {
        "Name": "minecraft:bricks"
      },
      "output": {
        "defaultBlockState": {
          "Name": "minecraft:stone_bricks"
        },
        "entries": [
          {
            "blockState": {
              "Name": "minecraft:mossy_stone_bricks"
            },
            "probability": 0.6
          }
        ]
      }
    },
    {
      "processor_type": "betterjungletemples:block_replace_processor",
      "copy_input_properties": true,
      "target_block": {
        "Name": "minecraft:granite_slab"
      },
      "output": {
        "defaultBlockState": {
          "Name": "minecraft:stone_brick_slab",
          "Properties": {
            "waterlogged": "true"
          }
        },
        "entries": [
          {
            "blockState": {
              "Name": "minecraft:mossy_stone_brick_slab",
              "Properties": {
                "waterlogged": "true"
              }
            },
            "probability": 0.6
          }
        ]
      }
    },
    {
      "processor_type": "betterjungletemples:block_replace_processor",
      "copy_input_properties": true,
      "target_block": {
        "Name": "minecraft:polished_granite_slab"
      },
      "output": {
        "defaultBlockState": {
          "Name": "minecraft:stone_brick_slab",
          "Properties": {
            "waterlogged": "true"
          }
        },
        "entries": [
          {
            "blockState": {
              "Name": "minecraft:mossy_stone_brick_slab",
              "Properties": {
                "waterlogged": "true"
              }
            },
            "probability": 0.6
          }
        ]
      }
    },
    {
      "processor_type": "betterjungletemples:block_replace_processor",
      "target_block": {
        "Name": "minecraft:dead_tube_coral_block"
      },
      "output": {
        "defaultBlockState": {
          "Name": "minecraft:water"
        },
        "entries": [
        ]
      }
    },
    {
      "processor_type": "minecraft:rule",
      "rules": [
        {
          "location_predicate": {
            "predicate_type": "minecraft:always_true"
          },
          "input_predicate": {
            "predicate_type": "minecraft:block_match",
            "block": "minecraft:green_stained_glass"
          },
          "output_state": {
            "Name": "minecraft:water"
          }
        },
        {
          "location_predicate": {
            "predicate_type": "minecraft:always_true"
          },
          "input_predicate": {
            "predicate_type": "minecraft:block_match",
            "block": "minecraft:air"
          },
          "output_state": {
            "Name": "minecraft:water"
          }
        },
        {
          "location_predicate": {
            "predicate_type": "minecraft:always_true"
          },
          "input_predicate": {
            "predicate_type": "minecraft:block_match",
            "block": "minecraft:cave_air"
          },
          "output_state": {
            "Name": "minecraft:water"
          }
        }
      ]
    }
  ]
}