{
  "type": "repurposed_structures:city_nether_structure",
  "start_pool": "repurposed_structures:pyramids/nether",
  "size": 20,
  "biomes": "#repurposed_structures:has_structure/pyramids/nether",
  "step": "surface_structures",
  "terrain_adaptation": "none",
  "liquid_settings": "ignore_waterlogging",
  "start_height": {
    "absolute": 32
  },
  "spawn_overrides": {
    "monster": {
      "bounding_box": "piece",
      "spawns": [
        {
          "type": "minecraft:magma_cube",
          "weight": 100,
          "minCount": 8,
          "maxCount": 26
        },
        {
          "type": "minecraft:blaze",
          "weight": 100,
          "minCount": 6,
          "maxCount": 16
        },
        {
          "type": "minecraft:ghast",
          "weight": 10,
          "minCount": 2,
          "maxCount": 6
        }
      ]
    }
  }
}