{
  "processors": [
    {
      "processor_type": "betterstrongholds:banner_processor"
    },
    {
      "processor_type": "betterstrongholds:ore_processor"
    },
    {
      "processor_type": "betterstrongholds:armorstand_processor"
    },
    {
      "processor_type": "betterstrongholds:itemframe_processor"
    },
    {
      "processor_type": "repurposed_structures:spawner_randomizing_processor",
      "rs_spawner_resourcelocation": "repurposed_structures:strongholds/end"
    },
    {
      "processor_type": "repurposed_structures:fill_end_portal_frame_processor",
      "probability_per_block": 0.1
    },
    {
      "processor_type": "repurposed_structures:noise_replace_with_properties_processor",
      "input_block": "minecraft:obsidian",
      "output_block": "minecraft:crying_obsidian",
      "threshold": 0.40,
      "xz_scale": 0.2,
      "y_scale": 0.2
    },
    {
      "input_block": "minecraft:small_amethyst_bud",
      "output_blocks": [
        "minecraft:medium_amethyst_bud",
        "minecraft:large_amethyst_bud",
        "minecraft:amethyst_cluster"
      ],
      "probability": 0.1,
      "processor_type": "repurposed_structures:random_replace_with_properties_processor"
    },
    {
      "rules": [
        {
          "output_state": {
            "Name": "minecraft:tnt",
            "Properties": {
              "unstable": "false"
            }
          },
          "input_predicate": {
            "block": "minecraft:red_stained_glass",
            "predicate_type": "minecraft:block_match"
          },
          "location_predicate": {
            "predicate_type": "minecraft:always_true"
          }
        },
        {
          "output_state": {
            "Name": "minecraft:raw_gold_block"
          },
          "input_predicate": {
            "block": "minecraft:raw_iron_block",
            "probability": 0.2,
            "predicate_type": "minecraft:random_block_match"
          },
          "location_predicate": {
            "predicate_type": "minecraft:always_true"
          }
        },
        {
          "output_state": {
            "Name": "minecraft:amethyst_block"
          },
          "input_predicate": {
            "block": "minecraft:budding_amethyst",
            "probability": 0.7,
            "predicate_type": "minecraft:random_block_match"
          },
          "location_predicate": {
            "predicate_type": "minecraft:always_true"
          }
        },
        {
          "output_state": {
            "Name": "minecraft:cave_air"
          },
          "input_predicate": {
            "block": "minecraft:small_amethyst_bud",
            "probability": 0.85,
            "predicate_type": "minecraft:random_block_match"
          },
          "location_predicate": {
            "predicate_type": "minecraft:always_true"
          }
        },
        {
          "output_state": {
            "Name": "minecraft:air"
          },
          "input_predicate": {
            "block": "minecraft:lantern",
            "probability": 0.75,
            "predicate_type": "minecraft:random_block_match"
          },
          "location_predicate": {
            "predicate_type": "minecraft:always_true"
          }
        },
        {
          "output_state": {
            "Name": "minecraft:air"
          },
          "input_predicate": {
            "block": "minecraft:soul_lantern",
            "probability": 0.75,
            "predicate_type": "minecraft:random_block_match"
          },
          "location_predicate": {
            "predicate_type": "minecraft:always_true"
          }
        },
        {
          "output_state": {
            "Name": "minecraft:air"
          },
          "input_predicate": {
            "block": "minecraft:cyan_concrete",
            "predicate_type": "minecraft:block_match"
          },
          "location_predicate": {
            "block": "minecraft:air",
            "predicate_type": "minecraft:block_match"
          }
        },
        {
          "output_state": {
            "Name": "minecraft:obsidian"
          },
          "input_predicate": {
            "block": "minecraft:cyan_concrete",
            "predicate_type": "minecraft:block_match"
          },
          "location_predicate": {
            "predicate_type": "minecraft:always_true"
          }
        },
        {
          "output_state": {
            "Name": "minecraft:iron_bars"
          },
          "input_predicate": {
            "block": "minecraft:stone_brick_wall",
            "predicate_type": "minecraft:block_match"
          },
          "location_predicate": {
            "predicate_type": "minecraft:always_true"
          }
        }
      ],
      "processor_type": "minecraft:rule"
    }
  ]
}