{
  "name": "repurposed_structures:villages/birch/houses",
  "fallback": "minecraft:empty",
  "elements": [
    {
      "weight": 4,
      "element": {
        "location": "dynamicvillage:villages/birch/mech",
        "processors": "repurposed_structures:villages/birch/mossify",
        "projection": "rigid",
        "element_type": "minecraft:legacy_single_pool_element"
      }
    },
    {
      "weight": 4,
      "element": {
        "location": "dynamicvillage:villages/birch/miner",
        "processors": "repurposed_structures:villages/birch/mossify",
        "projection": "rigid",
        "element_type": "minecraft:legacy_single_pool_element"
      }
    },
    {
      "weight": 4,
      "element": {
        "location": "dynamicvillage:villages/birch/plumber",
        "processors": "repurposed_structures:villages/birch/mossify",
        "projection": "rigid",
        "element_type": "minecraft:legacy_single_pool_element"
      }
    },
    {
      "weight": 4,
      "element": {
        "location": "dynamicvillage:villages/birch/train",
        "processors": "repurposed_structures:villages/birch/mossify",
        "projection": "rigid",
        "element_type": "minecraft:legacy_single_pool_element"
      }
    }
  ]
}