{
  "name": "repurposed_structures:witch_huts/giant_tree_taiga_start_pool",
  "fallback": "minecraft:empty",
  "elements": [
    {
      "weight": 1,
      "element": {
        "location": "betterwitchhuts:giant_tree_taiga/witch_hut_sm",
        "processors": "betterwitchhuts:giant_tree_taiga",
        "projection": "rigid",
        "element_type": "minecraft:single_pool_element"
      }
    },
    {
      "weight": 1,
      "element": {
        "location": "betterwitchhuts:giant_tree_taiga/witch_hut_lg",
        "processors": "betterwitchhuts:giant_tree_taiga",
        "projection": "rigid",
        "element_type": "minecraft:single_pool_element"
      }
    },
    {
      "weight": 1,
      "element": {
        "location": "betterwitchhuts:giant_tree_taiga/witch_hut_double",
        "processors": "betterwitchhuts:giant_tree_taiga",
        "projection": "rigid",
        "element_type": "minecraft:single_pool_element"
      }
    }
  ]
}