{
  "name": "repurposed_structures:village/giant_taiga/houses",
  "fallback": "repurposed_structures:village/giant_taiga/terminators",
  "elements": [
    {
      "weight": 3,
      "element": {
        "location": "tidbits:village/contractor_giant_taiga",
        "processors": "repurposed_structures:village/giant_taiga/mossify",
        "projection": "rigid",
        "element_type": "minecraft:legacy_single_pool_element"
      }
    },
    {
      "weight": 3,
      "element": {
        "location": "tidbits:village/engineer_giant_taiga",
        "processors": "repurposed_structures:village/giant_taiga/mossify",
        "projection": "rigid",
        "element_type": "minecraft:legacy_single_pool_element"
      }
    }
  ]
}
