{
  "processors": [
    {
      "processor_type": "betterdeserttemples:lime_banner_processor"
    },
    {
      "processor_type": "betterdeserttemples:red_banner_processor"
    },
    {
      "processor_type": "betterdeserttemples:infested_cracked_stone_bricks_processor"
    },
    {
      "processor_type": "betterdeserttemples:bone_block_processor"
    },
    {
      "processor_type": "betterdeserttemples:yellow_wool_processor"
    },
    {
      "processor_type": "betterdeserttemples:gravel_processor"
    },
    {
      "processor_type": "betterdeserttemples:lit_campfire_processor"
    },
    {
      "processor_type": "betterdeserttemples:red_wool_processor"
    },
    {
      "processor_type": "betterdeserttemples:armor_stand_processor"
    },
    {
      "processor_type": "betterdeserttemples:item_frame_processor"
    },
    {
      "processor_type": "repurposed_structures:spawner_randomizing_processor",
      "rs_spawner_resourcelocation": "repurposed_structures:pyramids/giant_tree_taiga"
    },
    {
      "processor_type": "minecraft:rule",
      "rules": [
        {
          "output_state": {
            "Name": "minecraft:cobblestone_slab",
            "Properties": {
                "type": "bottom",
                "waterlogged": "false"
            }
          },
          "input_predicate": {
            "block": "minecraft:acacia_wood",
            "probability": 0.1,
            "predicate_type": "minecraft:random_block_match"
          },
          "location_predicate": {
            "predicate_type": "minecraft:always_true"
          }
        },
        {
          "output_state": {
            "Name": "minecraft:cobblestone_slab",
            "Properties": {
                "type": "top",
                "waterlogged": "false"
            }
          },
          "input_predicate": {
            "block": "minecraft:acacia_wood",
            "probability": 0.11,
            "predicate_type": "minecraft:random_block_match"
          },
          "location_predicate": {
            "predicate_type": "minecraft:always_true"
          }
        },
        {
          "output_state": {
            "Name": "minecraft:cobblestone_stairs",
            "Properties": {
              "facing": "east",
              "half": "top",
              "shape": "straight",
              "waterlogged": "false"
            }
          },
          "input_predicate": {
            "block": "minecraft:acacia_wood",
            "probability": 0.03,
            "predicate_type": "minecraft:random_block_match"
          },
          "location_predicate": {
            "predicate_type": "minecraft:always_true"
          }
        },
        {
          "output_state": {
            "Name": "minecraft:cobblestone_stairs",
            "Properties": {
              "facing": "south",
              "half": "top",
              "shape": "straight",
              "waterlogged": "false"
            }
          },
          "input_predicate": {
            "block": "minecraft:acacia_wood",
            "probability": 0.03,
            "predicate_type": "minecraft:random_block_match"
          },
          "location_predicate": {
            "predicate_type": "minecraft:always_true"
          }
        },
        {
          "output_state": {
            "Name": "minecraft:cobblestone_stairs",
            "Properties": {
              "facing": "north",
              "half": "top",
              "shape": "straight",
              "waterlogged": "false"
            }
          },
          "input_predicate": {
            "block": "minecraft:acacia_wood",
            "probability": 0.03,
            "predicate_type": "minecraft:random_block_match"
          },
          "location_predicate": {
            "predicate_type": "minecraft:always_true"
          }
        },
        {
          "output_state": {
            "Name": "minecraft:cobblestone_stairs",
            "Properties": {
              "facing": "west",
              "half": "top",
              "shape": "straight",
              "waterlogged": "false"
            }
          },
          "input_predicate": {
            "block": "minecraft:acacia_wood",
            "probability": 0.03,
            "predicate_type": "minecraft:random_block_match"
          },
          "location_predicate": {
            "predicate_type": "minecraft:always_true"
          }
        },
        {
          "output_state": {
            "Name": "minecraft:cobblestone"
          },
          "input_predicate": {
            "block": "minecraft:acacia_wood",
            "predicate_type": "minecraft:block_match"
          },
          "location_predicate": {
            "predicate_type": "minecraft:always_true"
          }
        },
        {
          "output_state": {
            "Name": "minecraft:cobweb"
          },
          "input_predicate": {
            "block": "minecraft:white_stained_glass",
            "probability": 0.4,
            "predicate_type": "minecraft:random_block_match"
          },
          "location_predicate": {
            "predicate_type": "minecraft:always_true"
          }
        },
        {
          "output_state": {
            "Name": "minecraft:air"
          },
          "input_predicate": {
            "block": "minecraft:white_stained_glass",
            "predicate_type": "minecraft:block_match"
          },
          "location_predicate": {
            "predicate_type": "minecraft:always_true"
          }
        },
        {
          "output_state": {
            "Name": "minecraft:air"
          },
          "input_predicate": {
            "block": "minecraft:torch",
            "probability": 0.05,
            "predicate_type": "minecraft:random_block_match"
          },
          "location_predicate": {
            "predicate_type": "minecraft:always_true"
          }
        },
        {
          "output_state": {
            "Name": "minecraft:air"
          },
          "input_predicate": {
            "block": "minecraft:wall_torch",
            "probability": 0.05,
            "predicate_type": "minecraft:random_block_match"
          },
          "location_predicate": {
            "predicate_type": "minecraft:always_true"
          }
        },
        {
          "output_state": {
            "Name": "minecraft:cobblestone_slab",
            "Properties": {
                "type": "bottom",
                "waterlogged": "false"
            }
          },
          "input_predicate": {
            "block_state": {
              "Name": "minecraft:sandstone_slab",
              "Properties": {
                  "type": "bottom",
                  "waterlogged": "false"
              }
            },
            "predicate_type": "minecraft:blockstate_match"
          },
          "location_predicate": {
            "predicate_type": "minecraft:always_true"
          }
        },
        {
          "output_state": {
            "Name": "minecraft:cobblestone_slab",
            "Properties": {
                "type": "top",
                "waterlogged": "false"
            }
          },
          "input_predicate": {
            "block_state": {
              "Name": "minecraft:sandstone_slab",
              "Properties": {
                  "type": "top",
                  "waterlogged": "false"
              }
            },
            "predicate_type": "minecraft:blockstate_match"
          },
          "location_predicate": {
            "predicate_type": "minecraft:always_true"
          }
        },
        {
          "output_state": {
            "Name": "minecraft:gravel"
          },
          "input_predicate": {
            "block": "minecraft:gray_stained_glass_pane",
            "predicate_type": "minecraft:block_match"
          },
          "location_predicate": {
            "predicate_type": "minecraft:always_true"
          }
        }
      ]
    },
    {
      "processor_type": "repurposed_structures:random_replace_with_properties_processor",
      "probability": 1,
      "input_block": "minecraft:diorite",
      "output_blocks": [
        "minecraft:mossy_cobblestone",
        "minecraft:cobblestone_slab",
        "minecraft:cobblestone",
        "minecraft:stone"
      ]
    },
    {
      "processor_type": "repurposed_structures:random_replace_with_properties_processor",
      "probability": 1,
      "input_block": "minecraft:end_stone_brick_wall",
      "output_blocks": [
        "minecraft:cobblestone_wall"
      ]
    },
    {
      "processor_type": "repurposed_structures:random_replace_with_properties_processor",
      "probability": 0.1,
      "input_block": "minecraft:cobblestone",
      "output_blocks": [
        "minecraft:mossy_cobblestone"
      ]
    },
    {
      "processor_type": "repurposed_structures:random_replace_with_properties_processor",
      "probability": 0.1,
      "input_block": "minecraft:cobblestone_wall",
      "output_blocks": [
        "minecraft:mossy_cobblestone_wall"
      ]
    },
    {
      "processor_type": "repurposed_structures:random_replace_with_properties_processor",
      "probability": 0.1,
      "input_block": "minecraft:cobblestone_stairs",
      "output_blocks": [
        "minecraft:mossy_cobblestone_stairs"
      ]
    },
    {
      "processor_type": "repurposed_structures:random_replace_with_properties_processor",
      "probability": 0.1,
      "input_block": "minecraft:cobblestone_slab",
      "output_blocks": [
        "minecraft:mossy_cobblestone_slab"
      ]
    },
    {
      "processor_type": "repurposed_structures:random_replace_with_properties_processor",
      "probability": 0.1,
      "input_block": "minecraft:mossy_cobblestone",
      "output_blocks": [
        "minecraft:cobblestone"
      ]
    },
    {
      "processor_type": "repurposed_structures:random_replace_with_properties_processor",
      "probability": 0.1,
      "input_block": "minecraft:mossy_cobblestone_wall",
      "output_blocks": [
        "minecraft:cobblestone_wall"
      ]
    },
    {
      "processor_type": "repurposed_structures:random_replace_with_properties_processor",
      "probability": 0.1,
      "input_block": "minecraft:mossy_cobblestone_stairs",
      "output_blocks": [
        "minecraft:cobblestone_stairs"
      ]
    },
    {
      "processor_type": "repurposed_structures:random_replace_with_properties_processor",
      "probability": 0.1,
      "input_block": "minecraft:mossy_cobblestone_slab",
      "output_blocks": [
        "minecraft:cobblestone_slab"
      ]
    },
    {
      "rules": [
        {
          "output_state": {
            "Properties": {
              "candles": "4",
              "lit": "true",
              "waterlogged": "false"
            },
            "Name": "minecraft:candle"
          },
          "input_predicate": {
            "block": "minecraft:candle",
            "probability": 0.25,
            "predicate_type": "minecraft:random_block_match"
          },
          "location_predicate": {
            "predicate_type": "minecraft:always_true"
          }
        },
        {
          "output_state": {
            "Properties": {
              "candles": "3",
              "lit": "true",
              "waterlogged": "false"
            },
            "Name": "minecraft:candle"
          },
          "input_predicate": {
            "block": "minecraft:candle",
            "probability": 0.33,
            "predicate_type": "minecraft:random_block_match"
          },
          "location_predicate": {
            "predicate_type": "minecraft:always_true"
          }
        },
        {
          "output_state": {
            "Properties": {
              "candles": "2",
              "lit": "true",
              "waterlogged": "false"
            },
            "Name": "minecraft:candle"
          },
          "input_predicate": {
            "block": "minecraft:candle",
            "probability": 0.5,
            "predicate_type": "minecraft:random_block_match"
          },
          "location_predicate": {
            "predicate_type": "minecraft:always_true"
          }
        },
        {
          "output_state": {
            "Properties": {
              "candles": "1",
              "lit": "true",
              "waterlogged": "false"
            },
            "Name": "minecraft:candle"
          },
          "input_predicate": {
            "block": "minecraft:candle",
            "predicate_type": "minecraft:block_match"
          },
          "location_predicate": {
            "predicate_type": "minecraft:always_true"
          }
        }
      ],
      "processor_type": "minecraft:rule"
    },
    {
      "rules": [
        {
          "output_state": {
            "Name": "minecraft:stone"
          },
          "input_predicate": {
            "block": "minecraft:polished_diorite",
            "probability": 0.25,
            "predicate_type": "minecraft:random_block_match"
          },
          "location_predicate": {
            "predicate_type": "minecraft:always_true"
          }
        },
        {
          "output_state": {
            "Name": "minecraft:cobblestone"
          },
          "input_predicate": {
            "block": "minecraft:polished_diorite",
            "predicate_type": "minecraft:block_match"
          },
          "location_predicate": {
            "predicate_type": "minecraft:always_true"
          }
        }
      ],
      "processor_type": "minecraft:rule"
    },
    {
      "processor_type": "repurposed_structures:random_replace_with_properties_processor",
      "probability": 1,
      "input_block": "minecraft:candle",
      "output_blocks": [
        "minecraft:candle",
        "minecraft:gray_candle",
        "minecraft:light_gray_candle",
        "minecraft:green_candle",
        "minecraft:white_candle",
        "minecraft:brown_candle"
      ]
    },
    {
      "processor_type": "repurposed_structures:pillar_processor",
      "direction": "down",
      "pillar_length": 8,
      "pillar_processor_list": "betterdeserttemples:giant_tree_taiga/main",
      "pillar_trigger_and_replacements": [
        {
          "trigger" : {
            "Name": "minecraft:purpur_pillar"
          },
          "replacement" : {
            "Name": "minecraft:cobblestone_wall",
            "Properties": {
              "waterlogged": "false",
              "up": "true",
              "west": "none",
              "south": "none",
              "north": "none",
              "east": "none"
            }
          }
        }
      ]
    },
    {
      "processor_type": "repurposed_structures:pillar_processor",
      "direction": "down",
      "pillar_length": 8,
      "pillar_trigger_and_replacements": [
        {
          "trigger" : {
            "Name": "minecraft:quartz_pillar"
          },
          "replacement" : {
            "Name": "minecraft:andesite"
          }
        }
      ]
    },
    {
      "processor_type": "repurposed_structures:pillar_processor",
      "direction": "down",
      "pillar_processor_list": "betterdeserttemples:giant_tree_taiga/main",
      "pillar_trigger_and_replacements": [
        {
          "trigger" : {
            "Name": "minecraft:yellow_stained_glass"
          },
          "replacement" : {
            "Name": "minecraft:cobblestone"
          }
        }
      ]
    }
  ]
}