{
    "type": "minecraft:chest",
    "pools": [
        {
            "rolls": {
                "type": "minecraft:uniform",
                "max": 2.0,
                "min": 1.0
            },
            "bonus_rolls": 0.0,
            "entries": [
                {
                    "type": "minecraft:item",
                    "name": "cobblemon:red_apricorn_seed",
                    "weight": 1
                },
                {
                    "type": "minecraft:item",
                    "name": "cobblemon:yellow_apricorn_seed",
                    "weight": 1
                },
                {
                    "type": "minecraft:item",
                    "name": "cobblemon:green_apricorn_seed",
                    "weight": 1
                },
                {
                    "type": "minecraft:item",
                    "name": "cobblemon:blue_apricorn_seed",
                    "weight": 1
                },
                {
                    "type": "minecraft:item",
                    "name": "cobblemon:pink_apricorn_seed",
                    "weight": 1
                },
                {
                    "type": "minecraft:item",
                    "name": "cobblemon:black_apricorn_seed",
                    "weight": 1
                },
                {
                    "type": "minecraft:item",
                    "name": "cobblemon:white_apricorn_seed",
                    "weight": 1
                }
            ]
        }
    ],
    "random_sequence": "cobblemon:sets/any_apricorn_seed"
}