{
  "target_pool": "repurposed_structures:witch_huts/oak_start_pool",
  "fallback": "minecraft:empty",
  "elements": [
    {
      "weight": 2,
      "element": {
        "location": "betterwitchhuts:oak/witch_hut_sm",
        "processors": "betterwitchhuts:oak",
        "projection": "rigid",
        "element_type": "minecraft:single_pool_element"
      }
    },
    {
      "weight": 2,
      "element": {
        "location": "betterwitchhuts:oak/witch_hut_lg",
        "processors": "betterwitchhuts:oak",
        "projection": "rigid",
        "element_type": "minecraft:single_pool_element"
      }
    },
    {
      "weight": 2,
      "element": {
        "location": "betterwitchhuts:oak/witch_hut_double",
        "processors": "betterwitchhuts:oak",
        "projection": "rigid",
        "element_type": "minecraft:single_pool_element"
      }
    }
  ]
}