{
  "target_pool": "repurposed_structures:villages/birch/houses",
  "fallback": "repurposed_structures:villages/birch/terminators",
  "elements": [
    {
      "weight": 5,
      "element": {
        "location": "cobblemon:villages/birch/berry_small",
        "processors": "cobblemon:villages/birch/crop_to_berry",
        "projection": "rigid",
        "element_type": "minecraft:single_pool_element"
      }
    },
    {
      "weight": 5,
      "element": {
        "location": "cobblemon:villages/birch/berry_large",
        "processors": "cobblemon:villages/birch/crop_to_berry",
        "projection": "rigid",
        "element_type": "minecraft:single_pool_element"
      }
    }
  ]
}
