{
  "pieces_spawn_counts" : [
    {
      "nbt_piece_name" : "morevillagers:village/birch/engineer",
      "never_spawn_more_than_this_many": 1
    },
    {
      "nbt_piece_name" : "morevillagers:village/birch/florist",
      "never_spawn_more_than_this_many": 1
    },
    {
      "nbt_piece_name" : "morevillagers:village/birch/hunter",
      "never_spawn_more_than_this_many": 1
    },
    {
      "nbt_piece_name" : "morevillagers:village/birch/oceanographer",
      "never_spawn_more_than_this_many": 1
    },
    {
      "nbt_piece_name" : "morevillagers:village/birch/woodworker",
      "never_spawn_more_than_this_many": 1
    }
  ]
}