{
  "pieces_spawn_counts" : [
    {
      "nbt_piece_name" : "morevillagers:village/giant_taiga/engineer",
      "never_spawn_more_than_this_many": 1
    },
    {
      "nbt_piece_name" : "morevillagers:village/giant_taiga/florist",
      "never_spawn_more_than_this_many": 1
    },
    {
      "nbt_piece_name" : "morevillagers:village/giant_taiga/hunter",
      "never_spawn_more_than_this_many": 1
    },
    {
      "nbt_piece_name" : "morevillagers:village/giant_taiga/oceanographer",
      "never_spawn_more_than_this_many": 1
    },
    {
      "nbt_piece_name" : "morevillagers:village/giant_taiga/woodworker",
      "never_spawn_more_than_this_many": 1
    }
  ]
}