{
  "pieces_spawn_counts" : [
    {
      "nbt_piece_name" : "morevillagers:village/jungle/engineer",
      "never_spawn_more_than_this_many": 1
    },
    {
      "nbt_piece_name" : "morevillagers:village/jungle/florist",
      "never_spawn_more_than_this_many": 1
    },
    {
      "nbt_piece_name" : "morevillagers:village/jungle/hunter",
      "never_spawn_more_than_this_many": 1
    },
    {
      "nbt_piece_name" : "morevillagers:village/jungle/oceanographer",
      "never_spawn_more_than_this_many": 1
    },
    {
      "nbt_piece_name" : "morevillagers:village/jungle/woodworker",
      "never_spawn_more_than_this_many": 1
    }
  ]
}