{
  "pieces_spawn_counts" : [
    {
      "nbt_piece_name" : "morevillagers:village/mushroom/engineer",
      "never_spawn_more_than_this_many": 1
    },
    {
      "nbt_piece_name" : "morevillagers:village/mushroom/florist",
      "never_spawn_more_than_this_many": 1
    },
    {
      "nbt_piece_name" : "morevillagers:village/mushroom/hunter",
      "never_spawn_more_than_this_many": 1
    },
    {
      "nbt_piece_name" : "morevillagers:village/mushroom/oceanographer",
      "never_spawn_more_than_this_many": 1
    },
    {
      "nbt_piece_name" : "morevillagers:village/mushroom/woodworker",
      "never_spawn_more_than_this_many": 1
    }
  ]
}