{
  "name": "betteroceanmonuments:jungle/mobs",
  "fallback": "betteroceanmonuments:jungle/mobs",
  "elements": [
    {
      "weight": 1,
      "element": {
        "location": "betteroceanmonuments:jungle/mobs/super_creeper",
        "processors": "betteroceanmonuments:jungle/main",
        "projection": "rigid",
        "element_type": "minecraft:single_pool_element"
      }
    },
    {
      "weight": 1,
      "element": {
        "location": "betteroceanmonuments:jungle/mobs/spider",
        "processors": "betteroceanmonuments:jungle/main",
        "projection": "rigid",
        "element_type": "minecraft:single_pool_element"
      }
    },
    {
      "weight": 1,
      "element": {
        "location": "betteroceanmonuments:jungle/mobs/parrot",
        "processors": "betteroceanmonuments:jungle/main",
        "projection": "rigid",
        "element_type": "minecraft:single_pool_element"
      }
    }
  ]
}