{
  "processors": [
    {
      "processor_type": "betterwitchhuts:brewing_stand_processor"
    },
    {
      "processor_type": "betterwitchhuts:potted_mushroom_processor"
    },
    {
      "rules": [
        {
          "output_state": {
            "Name": "minecraft:potted_allium"
          },
          "input_predicate": {
            "block": "minecraft:potted_cornflower",
            "predicate_type": "minecraft:block_match"
          },
          "location_predicate": {
            "predicate_type": "minecraft:always_true"
          }
        }
      ],
      "processor_type": "minecraft:rule"
    },
    {
      "processor_type": "repurposed_structures:pillar_processor",
      "direction": "down",
      "pillar_trigger_and_replacements": [
        {
          "trigger" : {
            "Name": "minecraft:brown_stained_glass"
          },
          "replacement" : {
            "Name": "minecraft:stripped_oak_log",
            "Properties": {
              "axis": "y"
            }
          }
        }
      ]
    }
  ]
}