{
  "name": "repurposed_structures:villages/pets_hay_cage",
  "fallback": "repurposed_structures:villages/pets_hay_cage",
  "elements": [
    {
      "weight": 1,
      "element": {
        "element_type": "minecraft:legacy_single_pool_element",
        "location": "domesticationinnovation:villages/pets/cats/black",
        "processors": "minecraft:empty",
        "projection": "rigid"
      }
    },
    {
      "weight": 1,
      "element": {
        "element_type": "minecraft:legacy_single_pool_element",
        "location": "domesticationinnovation:villages/pets/cats/british",
        "processors": "minecraft:empty",
        "projection": "rigid"
      }
    },
    {
      "weight": 1,
      "element": {
        "element_type": "minecraft:legacy_single_pool_element",
        "location": "domesticationinnovation:villages/pets/cats/calico",
        "processors": "minecraft:empty",
        "projection": "rigid"
      }
    },
    {
      "weight": 1,
      "element": {
        "element_type": "minecraft:legacy_single_pool_element",
        "location": "domesticationinnovation:villages/pets/cats/persian",
        "processors": "minecraft:empty",
        "projection": "rigid"
      }
    },
    {
      "weight": 1,
      "element": {
        "element_type": "minecraft:legacy_single_pool_element",
        "location": "domesticationinnovation:villages/pets/cats/ragdoll",
        "processors": "minecraft:empty",
        "projection": "rigid"
      }
    },
    {
      "weight": 1,
      "element": {
        "element_type": "minecraft:legacy_single_pool_element",
        "location": "domesticationinnovation:villages/pets/cats/red",
        "processors": "minecraft:empty",
        "projection": "rigid"
      }
    },
    {
      "weight": 1,
      "element": {
        "element_type": "minecraft:legacy_single_pool_element",
        "location": "domesticationinnovation:villages/pets/cats/siamese",
        "processors": "minecraft:empty",
        "projection": "rigid"
      }
    },
    {
      "weight": 1,
      "element": {
        "element_type": "minecraft:legacy_single_pool_element",
        "location": "domesticationinnovation:villages/pets/cats/tabby",
        "processors": "minecraft:empty",
        "projection": "rigid"
      }
    },
    {
      "weight": 1,
      "element": {
        "element_type": "minecraft:legacy_single_pool_element",
        "location": "domesticationinnovation:villages/pets/cats/white",
        "processors": "minecraft:empty",
        "projection": "rigid"
      }
    },
    {
      "weight": 1,
      "element": {
        "element_type": "minecraft:legacy_single_pool_element",
        "location": "domesticationinnovation:villages/pets/cats/jellie",
        "processors": "minecraft:empty",
        "projection": "rigid"
      }
    },
    {
      "weight": 5,
      "element": {
        "element_type": "minecraft:legacy_single_pool_element",
        "location": "domesticationinnovation:villages/pets/rabbit",
        "processors": "minecraft:empty",
        "projection": "rigid"
      }
    },
    {
      "weight": 5,
      "element": {
        "element_type": "minecraft:legacy_single_pool_element",
        "location": "domesticationinnovation:villages/pets/2_rabbits",
        "processors": "minecraft:empty",
        "projection": "rigid"
      }
    }
  ]
}