{
  "pieces_spawn_counts" : [
    {
      "nbt_piece_name" : "morevillagers:village/mountains/engineer",
      "never_spawn_more_than_this_many": 1
    },
    {
      "nbt_piece_name" : "morevillagers:village/mountains/florist",
      "never_spawn_more_than_this_many": 1
    },
    {
      "nbt_piece_name" : "morevillagers:village/mountains/hunter",
      "never_spawn_more_than_this_many": 1
    },
    {
      "nbt_piece_name" : "morevillagers:village/mountains/oceanographer",
      "never_spawn_more_than_this_many": 1
    },
    {
      "nbt_piece_name" : "morevillagers:village/mountains/woodworker",
      "never_spawn_more_than_this_many": 1
    }
  ]
}