{
  "pieces_spawn_counts" : [
    {
      "nbt_piece_name" : "morevillagers:village/ocean/engineer",
      "never_spawn_more_than_this_many": 1
    },
    {
      "nbt_piece_name" : "morevillagers:village/ocean/florist",
      "never_spawn_more_than_this_many": 1
    },
    {
      "nbt_piece_name" : "morevillagers:village/ocean/hunter",
      "never_spawn_more_than_this_many": 1
    },
    {
      "nbt_piece_name" : "morevillagers:village/ocean/oceanographer",
      "never_spawn_more_than_this_many": 1
    },
    {
      "nbt_piece_name" : "morevillagers:village/ocean/woodworker",
      "never_spawn_more_than_this_many": 1
    }
  ]
}