{
  "structures": [
    {
      "structure": "repurposed_structures:original/monument_jungle",
      "weight": 1
    },
    {
      "structure": "repurposed_structures:original/monument_icy",
      "weight": 1
    },
    {
      "structure": "repurposed_structures:original/monument_desert",
      "weight": 1
    }
  ],
  "placement": {
    "type": "repurposed_structures:advanced_random_spread",
    "salt": 417643774,
    "spacing": 91,
    "separation": 41,
    "super_exclusion_zone": {
      "chunk_count": 3,
      "other_set": "#repurposed_structures:overworld_monument_avoid"
    }
  }
}