{
  "name": "repurposed_structures:village/swamp/houses",
  "fallback": "repurposed_structures:village/swamp/terminators",
  "elements": [
    {
      "weight": 2,
      "element": {
        "location": "tidbits:village/contractor_swamp",
        "processors": "repurposed_structures:village/swamp/mossify",
        "projection": "rigid",
        "element_type": "minecraft:legacy_single_pool_element"
      }
    },
    {
      "weight": 4,
      "element": {
        "location": "tidbits:village/dj_stage_swamp",
        "processors": "repurposed_structures:village/swamp/mossify",
        "projection": "rigid",
        "element_type": "minecraft:legacy_single_pool_element"
      }
    },
    {
      "weight": 1,
      "element": {
        "location": "tidbits:village/engineer_swamp",
        "processors": "repurposed_structures:village/swamp/mossify",
        "projection": "rigid",
        "element_type": "minecraft:legacy_single_pool_element"
      }
    },
    {
      "weight": 4,
      "element": {
        "location": "tidbits:village/lumberjack_swamp",
        "processors": "repurposed_structures:village/swamp/mossify",
        "projection": "rigid",
        "element_type": "minecraft:legacy_single_pool_element"
      }
    }
  ]
}
