{
  "name": "hexfortress:jungle/fort/entrance_stacks",
  "fallback": "hexfortress:jungle/fort/entrance_stacks",
  "elements": [
    {
      "weight": 3,
      "element": {
        "element_type": "minecraft:single_pool_element",
        "projection": "rigid",
        "location": "hexfortress:jungle/fort/entrance_middle",
        "processors": "hexfortress:jungle/decor/crying_obsidian_20"
      }
    },
    {
      "weight": 1,
      "element": {
        "element_type": "minecraft:single_pool_element",
        "projection": "rigid",
        "location": "hexfortress:jungle/fort/entrance_top",
        "processors": "hexfortress:jungle/decor/crying_obsidian_20"
      }
    }
  ]
}