{
  "name": "repurposed_structures:villages/birch/houses",
  "fallback": "repurposed_structures:villages/birch/terminators",
  "elements": [
    {
      "weight": 5,
      "element": {
        "location": "strange:villages/birch/houses/birch_beejack",
        "processors": "repurposed_structures:villages/strange_processing",
        "projection": "rigid",
        "element_type": "minecraft:legacy_single_pool_element"
      }
    },
    {
      "weight": 5,
      "element": {
        "location": "strange:villages/birch/houses/birch_beekeeper_1",
        "processors": "repurposed_structures:villages/strange_processing",
        "projection": "rigid",
        "element_type": "minecraft:legacy_single_pool_element"
      }
    },
    {
      "weight": 5,
      "element": {
        "location": "strange:villages/birch/houses/birch_lumberjack_1",
        "processors": "repurposed_structures:villages/strange_processing",
        "projection": "rigid",
        "element_type": "minecraft:legacy_single_pool_element"
      }
    }
  ]
}