{
  "type": "repurposed_structures:generic_jigsaw_structure",
  "start_pool": "repurposed_structures:witch_huts/oak_start_pool",
  "size": 1,
  "biomes": "#repurposed_structures:has_structure/witch_huts/oak",
  "step": "surface_structures",
  "terrain_adaptation": "none",
  "project_start_to_heightmap": "WORLD_SURFACE_WG",
  "burying_type": "AVERAGE_LAND",
  "liquid_settings": "ignore_waterlogging",
  "start_height": {
    "absolute": -2
  },
  "spawn_overrides": {
    "creature": {
      "bounding_box": "piece",
      "spawns": [
        {
          "type": "minecraft:cat",
          "maxCount": 1,
          "minCount": 1,
          "weight": 1
        }
      ]
    },
    "monster": {
      "bounding_box": "piece",
      "spawns": [
        {
          "type": "minecraft:witch",
          "weight": 1,
          "minCount": 1,
          "maxCount": 1
        }
      ]
    }
  }
}