{
  "name": "repurposed_structures:villages/pets_cat_extra",
  "fallback": "repurposed_structures:villages/pets_cat_extra",
  "elements": [
    {
      "weight": 1,
      "element": {
        "element_type": "minecraft:legacy_single_pool_element",
        "location": "domesticationinnovation:villages/pets/cats/down/black",
        "processors": "minecraft:empty",
        "projection": "rigid"
      }
    },
    {
      "weight": 1,
      "element": {
        "element_type": "minecraft:legacy_single_pool_element",
        "location": "domesticationinnovation:villages/pets/cats/down/british",
        "processors": "minecraft:empty",
        "projection": "rigid"
      }
    },
    {
      "weight": 1,
      "element": {
        "element_type": "minecraft:legacy_single_pool_element",
        "location": "domesticationinnovation:villages/pets/cats/down/calico",
        "processors": "minecraft:empty",
        "projection": "rigid"
      }
    },
    {
      "weight": 1,
      "element": {
        "element_type": "minecraft:legacy_single_pool_element",
        "location": "domesticationinnovation:villages/pets/cats/down/persian",
        "processors": "minecraft:empty",
        "projection": "rigid"
      }
    },
    {
      "weight": 1,
      "element": {
        "element_type": "minecraft:legacy_single_pool_element",
        "location": "domesticationinnovation:villages/pets/cats/down/ragdoll",
        "processors": "minecraft:empty",
        "projection": "rigid"
      }
    },
    {
      "weight": 1,
      "element": {
        "element_type": "minecraft:legacy_single_pool_element",
        "location": "domesticationinnovation:villages/pets/cats/down/red",
        "processors": "minecraft:empty",
        "projection": "rigid"
      }
    },
    {
      "weight": 1,
      "element": {
        "element_type": "minecraft:legacy_single_pool_element",
        "location": "domesticationinnovation:villages/pets/cats/down/siamese",
        "processors": "minecraft:empty",
        "projection": "rigid"
      }
    },
    {
      "weight": 1,
      "element": {
        "element_type": "minecraft:legacy_single_pool_element",
        "location": "domesticationinnovation:villages/pets/cats/down/tabby",
        "processors": "minecraft:empty",
        "projection": "rigid"
      }
    },
    {
      "weight": 1,
      "element": {
        "element_type": "minecraft:legacy_single_pool_element",
        "location": "domesticationinnovation:villages/pets/cats/down/white",
        "processors": "minecraft:empty",
        "projection": "rigid"
      }
    },
    {
      "weight": 1,
      "element": {
        "element_type": "minecraft:legacy_single_pool_element",
        "location": "domesticationinnovation:villages/pets/cats/down/jellie",
        "processors": "minecraft:empty",
        "projection": "rigid"
      }
    },
    {
      "weight": 10,
      "element": {
        "element_type": "minecraft:empty_pool_element"
      }
    }
  ]
}