{
  "type": "repurposed_structures:generic_jigsaw_structure",
  "start_pool": "repurposed_structures:pyramids/giant_tree_taiga",
  "size": 20,
  "biomes": "#repurposed_structures:has_structure/pyramids/giant_tree_taiga",
  "step": "surface_structures",
  "terrain_adaptation": "none",
  "project_start_to_heightmap": "WORLD_SURFACE_WG",
  "burying_type": "LOWEST_CORNER",
  "liquid_settings": "ignore_waterlogging",
  "start_height": {
    "absolute": -1
  },
  "spawn_overrides": {
    "monster": {
      "bounding_box": "piece",
      "spawns": [
        {
          "type": "minecraft:zombie",
          "weight": 100,
          "minCount": 10,
          "maxCount": 32
        }
      ]
    },
    "creature": {
      "bounding_box": "piece",
      "spawns": [
        {
          "type": "minecraft:cat",
          "weight": 100,
          "minCount": 4,
          "maxCount": 4
        },
        {
          "type": "minecraft:rabbit",
          "weight": 100,
          "minCount": 4,
          "maxCount": 4
        }
      ]
    }
  }
}