{
  "target_pool": "repurposed_structures:villages/birch/houses",
  "fallback": "minecraft:empty",
  "elements": [
    {
      "weight": 6,
      "element": {
        "location": "chefsdelight:villages/birch/cook_house",
        "processors": "repurposed_structures:villages/birch/mossify",
        "projection": "rigid",
        "element_type": "minecraft:legacy_single_pool_element"
      }
    },
    {
      "weight": 6,
      "element": {
        "location": "chefsdelight:villages/birch/chef_house",
        "processors": "repurposed_structures:villages/birch/mossify",
        "projection": "rigid",
        "element_type": "minecraft:legacy_single_pool_element"
      }
    }
  ]
}