{
  "pieces_spawn_counts" : [
    {
      "nbt_piece_name" : "strange:villages/badlands/houses/badlands_beekeeper_1",
      "never_spawn_more_than_this_many": 1,
      "condition": "strange:rs_village_config"
    },
    {
      "nbt_piece_name" : "strange:villages/badlands/houses/badlands_lumberjack_1",
      "never_spawn_more_than_this_many": 1,
      "condition": "strange:rs_village_config"
    },
    {
      "nbt_piece_name" : "strange:villages/badlands/houses/badlands_lumberjack_2",
      "never_spawn_more_than_this_many": 1,
      "condition": "strange:rs_village_config"
    }
  ]
}