{
  "name": "repurposed_structures:villages/giant_taiga/houses",
  "fallback": "repurposed_structures:villages/giant_taiga/terminators",
  "elements": [
    {
      "weight": 3,
      "element": {
        "location": "morevillagers:village/giant_taiga/engineer",
        "processors": "repurposed_structures:villages/giant_taiga/mossify",
        "projection": "rigid",
        "element_type": "minecraft:legacy_single_pool_element"
      }
    },
    {
      "weight": 2,
      "element": {
        "location": "morevillagers:village/giant_taiga/florist",
        "processors": "repurposed_structures:villages/giant_taiga/mossify",
        "projection": "rigid",
        "element_type": "minecraft:legacy_single_pool_element"
      }
    },
    {
      "weight": 3,
      "element": {
        "location": "morevillagers:village/giant_taiga/hunter",
        "processors": "repurposed_structures:villages/giant_taiga/mossify",
        "projection": "rigid",
        "element_type": "minecraft:legacy_single_pool_element"
      }
    },
    {
      "weight": 2,
      "element": {
        "location": "morevillagers:village/giant_taiga/oceanographer",
        "processors": "repurposed_structures:villages/giant_taiga/mossify",
        "projection": "rigid",
        "element_type": "minecraft:legacy_single_pool_element"
      }
    },
    {
      "weight": 2,
      "element": {
        "location": "morevillagers:village/giant_taiga/woodworker",
        "processors": "repurposed_structures:villages/giant_taiga/mossify",
        "projection": "rigid",
        "element_type": "minecraft:legacy_single_pool_element"
      }
    }
  ]
}
