{
  "name": "jellyfishing:village/krusty_krab_swamp",
  "fallback": "jellyfishing:village/krusty_krab_swamp",
  "elements": [
    {
      "weight": 4,
      "element": {
        "location": "jellyfishing:village/krusty_krab_swamp",
        "processors": "repurposed_structures:village/swamp/mossify",
        "projection": "rigid",
        "element_type": "minecraft:legacy_single_pool_element"
      }
    },
    {
      "weight": 1,
      "element": {
        "location": "repurposed_structures:village/swamp/houses/medium_house_2",
        "processors": "repurposed_structures:village/swamp/mossify",
        "projection": "rigid",
        "element_type": "minecraft:legacy_single_pool_element"
      }
    }
  ]
}