{
  "name": "repurposed_structures:villages/cherry/houses",
  "fallback": "repurposed_structures:villages/cherry/terminators",
  "elements": [
    {
      "weight": 3,
      "element": {
        "location": "morevillagers:village/cherry/engineer",
        "processors": "repurposed_structures:villages/cherry/mossify",
        "projection": "rigid",
        "element_type": "minecraft:legacy_single_pool_element"
      }
    },
    {
      "weight": 2,
      "element": {
        "location": "morevillagers:village/cherry/florist",
        "processors": "repurposed_structures:villages/cherry/mossify",
        "projection": "rigid",
        "element_type": "minecraft:legacy_single_pool_element"
      }
    },
    {
      "weight": 3,
      "element": {
        "location": "morevillagers:village/cherry/hunter",
        "processors": "repurposed_structures:villages/cherry/mossify",
        "projection": "rigid",
        "element_type": "minecraft:legacy_single_pool_element"
      }
    },
    {
      "weight": 2,
      "element": {
        "location": "morevillagers:village/cherry/oceanographer",
        "processors": "repurposed_structures:villages/cherry/mossify",
        "projection": "rigid",
        "element_type": "minecraft:legacy_single_pool_element"
      }
    },
    {
      "weight": 2,
      "element": {
        "location": "morevillagers:village/cherry/woodworker",
        "processors": "repurposed_structures:villages/cherry/mossify",
        "projection": "rigid",
        "element_type": "minecraft:legacy_single_pool_element"
      }
    }
  ]
}
