{
  "name": "tardis:village/observatory_swamp",
  "fallback": "tardis:village/observatory_swamp",
  "elements": [
    {
      "weight": 1,
      "element": {
        "location": "tardis:village/swamp/houses/swamp_observatory",
        "processors": "repurposed_structures:village/swamp/mossify",
        "projection": "rigid",
        "element_type": "minecraft:legacy_single_pool_element"
      }
    },
    {
      "weight": 1,
      "element": {
        "location": "repurposed_structures:village/swamp/houses/medium_house_2",
        "processors": "repurposed_structures:village/swamp/mossify",
        "projection": "rigid",
        "element_type": "minecraft:legacy_single_pool_element"
      }
    }
  ]
}