{
  "name": "tardis:village/observatory_giant_taiga",
  "fallback": "tardis:village/observatory_giant_taiga",
  "elements": [
    {
      "weight": 1,
      "element": {
        "location": "tardis:village/giant_taiga/houses/giant_taiga_observatory",
        "processors": "repurposed_structures:village/giant_taiga/mossify",
        "projection": "rigid",
        "element_type": "minecraft:single_pool_element"
      }
    },
    {
      "weight": 1,
      "element": {
        "location": "repurposed_structures:village/giant_taiga/houses/medium_house_1",
        "processors": "minecraft:empty",
        "projection": "rigid",
        "element_type": "minecraft:legacy_single_pool_element"
      }
    }
  ]
}