{
  "name": "tardis:village/observatory_dark_forest",
  "fallback": "tardis:village/observatory_dark_forest",
  "elements": [
    {
      "weight": 1,
      "element": {
        "location": "tardis:village/dark_forest/houses/dark_forest_observatory",
        "processors": "repurposed_structures:village/dark_forest/mossify",
        "projection": "rigid",
        "element_type": "minecraft:legacy_single_pool_element"
      }
    },
    {
      "weight": 1,
      "element": {
        "location": "repurposed_structures:village/dark_forest/houses/big_house_1",
        "processors": "minecraft:empty",
        "projection": "rigid",
        "element_type": "minecraft:legacy_single_pool_element"
      }
    }
  ]
}