{
  "name": "tardis:village/observatory_badlands",
  "fallback": "tardis:village/observatory_badlands",
  "elements": [
    {
      "weight": 1,
      "element": {
        "location": "tardis:village/badlands/houses/badlands_observatory",
        "processors": "minecraft:empty",
        "projection": "rigid",
        "element_type": "minecraft:legacy_single_pool_element"
      }
    },
    {
      "weight": 1,
      "element": {
        "location": "repurposed_structures:village/badlands/houses/medium_house_1",
        "processors": "minecraft:empty",
        "projection": "rigid",
        "element_type": "minecraft:legacy_single_pool_element"
      }
    }
  ]
}