{
  "name": "tardis:village/observatory_birch",
  "fallback": "tardis:village/observatory_birch",
  "elements": [
    {
      "weight": 1,
      "element": {
        "location": "tardis:village/birch/houses/birch_observatory",
        "processors": "repurposed_structures:village/birch/mossify",
        "projection": "rigid",
        "element_type": "minecraft:legacy_single_pool_element"
      }
    },
    {
      "weight": 1,
      "element": {
        "location": "repurposed_structures:village/birch/houses/big_house_1",
        "processors": "minecraft:empty",
        "projection": "rigid",
        "element_type": "minecraft:legacy_single_pool_element"
      }
    }
  ]
}