{
  "name": "repurposed_structures:villages/mushroom/houses",
  "fallback": "repurposed_structures:villages/mushroom/terminators",
  "elements": [
    {
      "weight": 3,
      "element": {
        "location": "strange:villages/mushroom/houses/mushroom_beekeeper_1",
        "processors": "repurposed_structures:villages/strange_processing",
        "projection": "rigid",
        "element_type": "minecraft:legacy_single_pool_element"
      }
    },
    {
      "weight": 1,
      "element": {
        "location": "strange:villages/mushroom/houses/mushroom_lumberjack_1",
        "processors": "repurposed_structures:villages/strange_processing",
        "projection": "rigid",
        "element_type": "minecraft:legacy_single_pool_element"
      }
    }
  ]
}