{
  "type": "yungsapi:yung_jigsaw",
  "biomes": "#repurposed_structures:has_structure/fortresses/jungle",
  "step": "surface_structures",
  "start_pool": "betterfortresses:jungle/starts",
  "start_jigsaw_name": "betterfortresses:jungle/anchor",
  "size": 46,
  "enhanced_terrain_adaptation": {
    "type": "yungsapi:custom",
    "kernel_size": 24,
    "kernel_distance": 24,
    "top": "carve",
    "bottom": "none"
  },
  "start_height": {
    "type": "minecraft:uniform",
    "max_inclusive": {
      "absolute": 16
    },
    "min_inclusive": {
      "absolute": 12
    }
  },
  "project_start_to_heightmap": "WORLD_SURFACE_WG",
  "use_expansion_hack": false,
  "max_distance_from_center": 116,
  "spawn_overrides": {
    "monster": {
      "bounding_box": "piece",
      "spawns": [
        {
          "type": "minecraft:wither_skeleton",
          "weight": 1,
          "minCount": 1,
          "maxCount": 1
        },
        {
          "type": "minecraft:skeleton",
          "weight": 10,
          "minCount": 1,
          "maxCount": 3
        },
        {
          "type": "minecraft:zombie",
          "weight": 10,
          "minCount": 1,
          "maxCount": 4
        },
        {
          "type": "minecraft:spider",
          "weight": 10,
          "minCount": 1,
          "maxCount": 3
        },
        {
          "type": "minecraft:creeper",
          "weight": 5,
          "minCount": 1,
          "maxCount": 2
        },
        {
          "type": "minecraft:enderman",
          "weight": 3,
          "minCount": 1,
          "maxCount": 2
        },
        {
          "type": "minecraft:witch",
          "weight": 2,
          "minCount": 1,
          "maxCount": 2
        }
      ]
    }
  }
}