{
  "type": "repurposed_structures:generic_jigsaw_structure",
  "start_pool": "repurposed_structures:pyramids/original/end",
  "size": 3,
  "min_y_allowed": 50,
  "terrain_height_radius_check": 1,
  "biomes": "#repurposed_structures:has_structure/pyramids/end",
  "step": "surface_structures",
  "terrain_adaptation": "none",
  "project_start_to_heightmap": "WORLD_SURFACE_WG",
  "burying_type": "AVERAGE_LAND",
  "liquid_settings": "ignore_waterlogging",
  "start_height": {
    "absolute": -2
  },
  "spawn_overrides": {}
}