{
  "name": "tidbits:village/big_house_giant_taiga",
  "fallback": "tidbits:village/big_house_giant_taiga",
  "elements": [
    {
      "weight": 1,
      "element": {
        "location": "tidbits:village/dj_stage_giant_taiga",
        "processors": "repurposed_structures:village/giant_taiga/mossify",
        "projection": "rigid",
        "element_type": "minecraft:legacy_single_pool_element"
      }
    },
    {
      "weight": 3,
      "element": {
        "location": "tidbits:village/lumberjack_giant_taiga",
        "processors": "repurposed_structures:village/giant_taiga/mossify",
        "projection": "rigid",
        "element_type": "minecraft:legacy_single_pool_element"
      }
    }
  ]
}