{
  "name": "tidbits:village/big_house_jungle",
  "fallback": "tidbits:village/big_house_jungle",
  "elements": [
    {
      "weight": 1,
      "element": {
        "location": "tidbits:village/dj_stage_jungle",
        "processors": "repurposed_structures:village/jungle/mossify",
        "projection": "rigid",
        "element_type": "minecraft:legacy_single_pool_element"
      }
    },
    {
      "weight": 3,
      "element": {
        "location": "tidbits:village/lumberjack_jungle",
        "processors": "repurposed_structures:village/jungle/mossify",
        "projection": "rigid",
        "element_type": "minecraft:legacy_single_pool_element"
      }
    }
  ]
}