{
  "name": "repurposed_structures:villages/oak/houses",
  "fallback": "minecraft:empty",
  "elements": [
    {
      "weight": 1,
      "element": {
        "location": "rats:villages/oak/garbage_heap",
        "processors": "repurposed_structures:villages/oak/mossify",
        "projection": "rigid",
        "element_type": "minecraft:legacy_single_pool_element"
      }
    },
    {
      "weight": 16,
      "element": {
        "location": "rats:villages/oak/pet_shop",
        "processors": "repurposed_structures:villages/oak/mossify",
        "projection": "rigid",
        "element_type": "minecraft:legacy_single_pool_element"
      }
    }
  ]
}