{
  "processors": [
    {
      "rules": [
        {
          "output_state": {
            "Name": "minecraft:cobbled_deepslate"
          },
          "input_predicate": {
            "block": "minecraft:deepslate",
            "probability": 0.225,
            "predicate_type": "minecraft:random_block_match"
          },
          "location_predicate": {
            "predicate_type": "minecraft:always_true"
          }
        },
        {
          "output_state": {
            "Name": "minecraft:cave_air"
          },
          "input_predicate": {
            "block": "minecraft:air",
            "predicate_type": "minecraft:block_match"
          },
          "location_predicate": {
            "predicate_type": "minecraft:always_true"
          }
        },
        {
          "output_state": {
            "Name": "minecraft:cave_air"
          },
          "input_predicate": {
            "block": "minecraft:skeleton_skull",
            "probability": 0.53,
            "predicate_type": "minecraft:random_block_match"
          },
          "location_predicate": {
            "predicate_type": "minecraft:always_true"
          }
        },
        {
          "output_state": {
            "Name": "minecraft:cave_air"
          },
          "input_predicate": {
            "block": "minecraft:jukebox",
            "probability": 0.95,
            "predicate_type": "minecraft:random_block_match"
          },
          "location_predicate": {
            "predicate_type": "minecraft:always_true"
          }
        },
        {
          "output_state": {
            "Name": "minecraft:cave_air"
          },
          "input_predicate": {
            "block": "minecraft:furnace",
            "probability": 0.58,
            "predicate_type": "minecraft:random_block_match"
          },
          "location_predicate": {
            "predicate_type": "minecraft:always_true"
          }
        },
        {
          "output_state": {
            "Name": "minecraft:cave_air"
          },
          "input_predicate": {
            "block": "minecraft:crafting_table",
            "probability": 0.68,
            "predicate_type": "minecraft:random_block_match"
          },
          "location_predicate": {
            "predicate_type": "minecraft:always_true"
          }
        },
        {
          "output_state": {
            "Name": "minecraft:cave_air"
          },
          "input_predicate": {
            "block": "minecraft:barrel",
            "probability": 0.63,
            "predicate_type": "minecraft:random_block_match"
          },
          "location_predicate": {
            "predicate_type": "minecraft:always_true"
          }
        },
        {
          "output_state": {
            "Name": "minecraft:cave_air"
          },
          "input_predicate": {
            "block": "minecraft:deepslate_gold_ore",
            "probability": 0.5,
            "predicate_type": "minecraft:random_block_match"
          },
          "location_predicate": {
            "predicate_type": "minecraft:always_true"
          }
        },
        {
          "output_state": {
            "Name": "minecraft:cave_air"
          },
          "input_predicate": {
            "block": "minecraft:smithing_table",
            "probability": 0.68,
            "predicate_type": "minecraft:random_block_match"
          },
          "location_predicate": {
            "predicate_type": "minecraft:always_true"
          }
        },
        {
          "output_state": {
            "Name": "minecraft:cave_air"
          },
          "input_predicate": {
            "block": "minecraft:damaged_anvil",
            "probability": 0.73,
            "predicate_type": "minecraft:random_block_match"
          },
          "location_predicate": {
            "predicate_type": "minecraft:always_true"
          }
        },
        {
          "output_state": {
            "Name": "minecraft:cave_air"
          },
          "input_predicate": {
            "block": "minecraft:black_wall_banner",
            "probability": 0.5,
            "predicate_type": "minecraft:random_block_match"
          },
          "location_predicate": {
            "predicate_type": "minecraft:always_true"
          }
        }
      ],
      "processor_type": "minecraft:rule"
    },
    {
      "processor_type": "betterdungeons:head_processor"
    },
    {
      "processor_type": "betterdungeons:small_dungeon_ceiling_prop_processor"
    },
    {
      "processor_type": "betterdungeons:small_dungeon_ceiling_lamp_processor"
    },
    {
      "processor_type": "betterdungeons:small_dungeon_ceiling_processor"
    },
    {
      "processor_type": "repurposed_structures:replace_air_only_processor"
    },
    {
      "processor_type": "repurposed_structures:remove_floating_blocks_processor"
    },
    {
      "processor_type": "repurposed_structures:spawner_randomizing_processor",
      "rs_spawner_resourcelocation": "repurposed_structures:dungeons/deep"
    }
  ]
}