{
  "type": "minecraft:chest",
  "pools": [
    {
      "rolls": {
        "min": 1.0,
        "max": 1.0,
        "type": "minecraft:uniform"
      },
      "entries": [
        {
          "type": "minecraft:item",
          "weight": 1,
          "functions": [
            {
              "function": "minecraft:enchant_with_levels",
              "levels": 30,
              "options": "#minecraft:on_random_loot"
            },
            {
              "function": "minecraft:set_name",
              "name": "YUNG's Better Sword"
            }
          ],
          "name": "minecraft:diamond_sword"
        }
      ]
    }
  ]
}