{
  "type": "minecraft:chest",
  "pools": [
    {
      "rolls": {
        "min": 4.0,
        "max": 8.0,
        "type": "minecraft:uniform"
      },
      "entries": [
        {
          "type": "minecraft:item",
          "weight": 3,
          "functions": [
            {
              "function": "minecraft:set_count",
              "count": {
                "min": 2.0,
                "max": 3.0,
                "type": "minecraft:uniform"
              }
            }
          ],
          "name": "minecraft:iron_ingot"
        },
        {
          "type": "minecraft:item",
          "weight": 3,
          "functions": [
            {
              "function": "minecraft:set_count",
              "count": {
                "min": 2.0,
                "max": 7.0,
                "type": "minecraft:uniform"
              }
            }
          ],
          "name": "minecraft:lapis_lazuli"
        },
        {
          "type": "minecraft:item",
          "weight": 3,
          "functions": [
            {
              "function": "minecraft:set_count",
              "count": {
                "min": 2.0,
                "max": 3.0,
                "type": "minecraft:uniform"
              }
            }
          ],
          "name": "minecraft:gold_ingot"
        },
        {
          "type": "minecraft:item",
          "weight": 3,
          "functions": [
            {
              "function": "minecraft:set_count",
              "count": {
                "min": 2.0,
                "max": 7.0,
                "type": "minecraft:uniform"
              }
            }
          ],
          "name": "minecraft:lapis_lazuli"
        },
        {
          "type": "minecraft:item",
          "weight": 1,
          "functions": [
            {
              "function": "minecraft:set_count",
              "count": {
                "min": 1.0,
                "max": 3.0,
                "type": "minecraft:uniform"
              }
            }
          ],
          "name": "minecraft:diamond"
        },
        {
          "type": "minecraft:item",
          "weight": 1,
          "functions": [
            {
              "function": "minecraft:set_count",
              "count": {
                "min": 1.0,
                "max": 2.0,
                "type": "minecraft:uniform"
              }
            }
          ],
          "name": "minecraft:emerald"
        },
        {
          "type": "minecraft:item",
          "weight": 3,
          "functions": [
            {
              "function": "minecraft:set_count",
              "count": {
                "min": 3.0,
                "max": 6.0,
                "type": "minecraft:uniform"
              }
            }
          ],
          "name": "minecraft:lapis_lazuli"
        },
        {
          "type": "minecraft:item",
          "weight": 3,
          "functions": [
            {
              "function": "minecraft:set_count",
              "count": {
                "min": 3.0,
                "max": 6.0,
                "type": "minecraft:uniform"
              }
            }
          ],
          "name": "minecraft:lapis_lazuli"
        },
        {
          "name": "minecraft:diamond_sword",
          "type": "minecraft:item",
          "weight": 2,
          "functions": [
            {
              "function": "minecraft:enchant_randomly",
              "options": "#minecraft:on_random_loot"
            }
          ]
        },
        {
          "name": "minecraft:diamond_pickaxe",
          "type": "minecraft:item",
          "weight": 2,
          "functions": [
            {
              "function": "minecraft:enchant_randomly",
              "options": "#minecraft:on_random_loot"
            }
          ]
        },
        {
          "name": "minecraft:diamond_chestplate",
          "type": "minecraft:item",
          "weight": 2,
          "functions": [
            {
              "function": "minecraft:enchant_randomly",
              "options": "#minecraft:on_random_loot"
            }
          ]
        },
        {
          "name": "minecraft:diamond_boots",
          "type": "minecraft:item",
          "weight": 2,
          "functions": [
            {
              "function": "minecraft:enchant_randomly",
              "options": "#minecraft:on_random_loot"
            }
          ]
        },
        {
          "name": "minecraft:diamond_helmet",
          "type": "minecraft:item",
          "weight": 2,
          "functions": [
            {
              "function": "minecraft:enchant_randomly",
              "options": "#minecraft:on_random_loot"
            }
          ]
        },
        {
          "name": "minecraft:diamond_leggings",
          "type": "minecraft:item",
          "weight": 2,
          "functions": [
            {
              "function": "minecraft:enchant_randomly",
              "options": "#minecraft:on_random_loot"
            }
          ]
        },
        {
          "name": "minecraft:book",
          "type": "minecraft:item",
          "weight": 2,
          "functions": [
            {
              "function": "minecraft:enchant_with_levels",
              "levels": 30,
              "options": "#minecraft:on_random_loot"
            }
          ]
        },
        {
          "name": "minecraft:enchanted_golden_apple",
          "type": "minecraft:item",
          "weight": 2
        },
        {
          "name": "minecraft:diamond_sword",
          "type": "minecraft:item",
          "weight": 1
        },
        {
          "name": "minecraft:diamond_pickaxe",
          "type": "minecraft:item",
          "weight": 1
        },
        {
          "name": "minecraft:diamond_chestplate",
          "type": "minecraft:item",
          "weight": 1
        },
        {
          "name": "minecraft:diamond_boots",
          "type": "minecraft:item",
          "weight": 1
        },
        {
          "name": "minecraft:diamond_helmet",
          "type": "minecraft:item",
          "weight": 1
        },
        {
          "name": "minecraft:diamond_leggings",
          "type": "minecraft:item",
          "weight": 1
        },
        {
          "name": "minecraft:music_disc_mall",
          "type": "minecraft:item",
          "weight": 1
        },
        {
          "name": "minecraft:music_disc_stal",
          "type": "minecraft:item",
          "weight": 1
        },
        {
          "name": "minecraft:music_disc_11",
          "type": "minecraft:item",
          "weight": 1
        },
        {
          "type": "minecraft:item",
          "weight": 1,
          "name": "minecraft:music_disc_otherside"
        }
      ]
    },
    {
      "rolls": 1,
      "entries": [
        {
          "type": "minecraft:loot_table",
          "value": "repurposed_structures:chests/lucky_pool"
        }
      ]
    },
    {
      "rolls": 0,
      "bonus_rolls": 1,
      "entries": [
        {
          "type": "minecraft:empty",
          "weight": 47
        },
        {
          "name": "minecraft:purple_banner",
          "type": "minecraft:item",
          "weight": 18,
          "functions": [
            {
              "function": "minecraft:set_banner_pattern",
              "append": true,
              "patterns": [
                {
                  "pattern": "minecraft:gradient",
                  "color": "black"
                },
                {
                  "pattern": "minecraft:gradient_up",
                  "color": "black"
                },
                {
                  "pattern": "minecraft:straight_cross",
                  "color": "magenta"
                },
                {
                  "pattern": "minecraft:straight_cross",
                  "color": "purple"
                },
                {
                  "pattern": "minecraft:straight_cross",
                  "color": "black"
                },
                {
                  "pattern": "minecraft:flower",
                  "color": "magenta"
                },
                {
                  "pattern": "minecraft:flower",
                  "color": "magenta"
                },
                {
                  "pattern": "minecraft:rhombus",
                  "color": "black"
                },
                {
                  "pattern": "minecraft:circle",
                  "color": "purple"
                },
                {
                  "pattern": "minecraft:flower",
                  "color": "black"
                },
                {
                  "pattern": "minecraft:curly_border",
                  "color": "black"
                },
                {
                  "pattern": "minecraft:border",
                  "color": "black"
                }
              ]
            }
          ]
        },
        {
          "name": "minecraft:ender_eye",
          "type": "minecraft:item",
          "weight": 35
        }
      ]
    }
  ]
}