{
  "name": "hexfortress:jungle/decor/low_bridge_centers",
  "fallback": "hexfortress:jungle/decor/low_bridge_centers",
  "elements": [
    {
      "weight": 1,
      "element": {
        "element_type": "minecraft:single_pool_element",
        "projection": "rigid",
        "location": "hexfortress:jungle/decor/low_bridge_center/gate_opened",
        "processors": "hexfortress:jungle/decor/crying_obsidian_20"
      }
    },
    {
      "weight": 1,
      "element": {
        "element_type": "minecraft:single_pool_element",
        "projection": "rigid",
        "location": "hexfortress:jungle/decor/low_bridge_center/gate_closed",
        "processors": "hexfortress:jungle/decor/crying_obsidian_20"
      }
    },
    {
      "weight": 9,
      "element": {
        "element_type": "minecraft:empty_pool_element",
        "projection": "rigid"
      }
    }
  ]
}