{
  "name": "hexfortress:jungle/decor/pillar_objects",
  "fallback": "hexfortress:jungle/decor/pillar_objects",
  "elements": [
    {
      "weight": 30,
      "element": {
        "element_type": "minecraft:single_pool_element",
        "projection": "rigid",
        "location": "hexfortress:jungle/decor/pillar/basic",
        "processors": "hexfortress:jungle/decor/random_nether_brick_pile"
      }
    },
    {
      "weight": 10,
      "element": {
        "element_type": "minecraft:single_pool_element",
        "projection": "rigid",
        "location": "hexfortress:jungle/decor/pillar/gold",
        "processors": "hexfortress:jungle/decor/random_gold_ingot_pile"
      }
    },
    {
      "weight": 15,
      "element": {
        "element_type": "minecraft:single_pool_element",
        "projection": "rigid",
        "location": "hexfortress:jungle/decor/pillar/shelf",
        "processors": "hexfortress:jungle/decor/random_all_with_debris"
      }
    },
    {
      "weight": 15,
      "element": {
        "element_type": "minecraft:single_pool_element",
        "projection": "rigid",
        "location": "hexfortress:jungle/decor/pillar/obsidian",
        "processors": "hexfortress:jungle/decor/crying_obsidian_20"
      }
    },
    {
      "weight": 15,
      "element": {
        "element_type": "minecraft:single_pool_element",
        "projection": "rigid",
        "location": "hexfortress:jungle/decor/pillar/basalt",
        "processors": "hexfortress:jungle/decor/crying_obsidian_20"
      }
    },
    {
      "weight": 15,
      "element": {
        "element_type": "minecraft:single_pool_element",
        "projection": "rigid",
        "location": "hexfortress:jungle/decor/pillar/soul_sand",
        "processors": "hexfortress:jungle/decor/crying_obsidian_20"
      }
    }
  ]
}