{
  "pieces_spawn_counts": [
    {
      "nbt_piece_name": "dynamicvillage:villages/oak/mech",
      "never_spawn_more_than_this_many": 1
    },
    {
      "nbt_piece_name": "dynamicvillage:villages/oak/miner",
      "never_spawn_more_than_this_many": 1
    },
    {
      "nbt_piece_name": "dynamicvillage:villages/oak/plumber",
      "never_spawn_more_than_this_many": 1
    },
    {
      "nbt_piece_name": "dynamicvillage:villages/oak/train",
      "never_spawn_more_than_this_many": 1
    }
  ]
}