{
  "pieces_spawn_counts": [
    {
      "nbt_piece_name": "dynamicvillage:villages/swamp/mech",
      "never_spawn_more_than_this_many": 1
    },
    {
      "nbt_piece_name": "dynamicvillage:villages/swamp/miner",
      "never_spawn_more_than_this_many": 1
    },
    {
      "nbt_piece_name": "dynamicvillage:villages/swamp/plumber",
      "never_spawn_more_than_this_many": 1
    },
    {
      "nbt_piece_name": "dynamicvillage:villages/swamp/train",
      "never_spawn_more_than_this_many": 1
    },
    {
      "nbt_piece_name": "dynamicvillage:villages/swamp/large_street",
      "never_spawn_more_than_this_many": 2
    }
  ]
}