{
  "pieces_spawn_counts": [
    {
      "nbt_piece_name": "dynamicvillage:villages/mountains/mech",
      "never_spawn_more_than_this_many": 1
    },
    {
      "nbt_piece_name": "dynamicvillage:villages/mountains/miner",
      "never_spawn_more_than_this_many": 1
    },
    {
      "nbt_piece_name": "dynamicvillage:villages/mountains/plumber",
      "never_spawn_more_than_this_many": 1
    },
    {
      "nbt_piece_name": "dynamicvillage:villages/mountains/train",
      "never_spawn_more_than_this_many": 1
    }
  ]
}