{
  "pieces_spawn_counts": [
    {
      "nbt_piece_name": "dynamicvillage:villages/badlands/mech",
      "never_spawn_more_than_this_many": 1
    },
    {
      "nbt_piece_name": "dynamicvillage:villages/badlands/miner",
      "never_spawn_more_than_this_many": 1
    },
    {
      "nbt_piece_name": "dynamicvillage:villages/badlands/plumber",
      "never_spawn_more_than_this_many": 1
    },
    {
      "nbt_piece_name": "dynamicvillage:villages/badlands/train",
      "never_spawn_more_than_this_many": 1
    }
  ]
}