{
  "pieces_spawn_counts": [
    {
      "nbt_piece_name": "dynamicvillage:villages/cherry/mech",
      "never_spawn_more_than_this_many": 1
    },
    {
      "nbt_piece_name": "dynamicvillage:villages/cherry/miner",
      "never_spawn_more_than_this_many": 1
    },
    {
      "nbt_piece_name": "dynamicvillage:villages/cherry/plumber",
      "never_spawn_more_than_this_many": 1
    },
    {
      "nbt_piece_name": "dynamicvillage:villages/cherry/train",
      "never_spawn_more_than_this_many": 1
    }
  ]
}