{
  "pieces_spawn_counts": [
    {
      "nbt_piece_name": "dynamicvillage:villages/bamboo/mech",
      "never_spawn_more_than_this_many": 1
    },
    {
      "nbt_piece_name": "dynamicvillage:villages/bamboo/miner",
      "never_spawn_more_than_this_many": 1
    },
    {
      "nbt_piece_name": "dynamicvillage:villages/bamboo/plumber",
      "never_spawn_more_than_this_many": 1
    },
    {
      "nbt_piece_name": "dynamicvillage:villages/bamboo/train",
      "never_spawn_more_than_this_many": 1
    },
    {
      "nbt_piece_name": "dynamicvillage:villages/bamboo/large_street",
      "never_spawn_more_than_this_many": 1
    }
  ]
}