{
  "pieces_spawn_counts": [
    {
      "nbt_piece_name": "dynamicvillage:villages/giant_taiga/mech",
      "never_spawn_more_than_this_many": 1
    },
    {
      "nbt_piece_name": "dynamicvillage:villages/giant_taiga/miner",
      "never_spawn_more_than_this_many": 1
    },
    {
      "nbt_piece_name": "dynamicvillage:villages/giant_taiga/plumber",
      "never_spawn_more_than_this_many": 1
    },
    {
      "nbt_piece_name": "dynamicvillage:villages/giant_taiga/train",
      "never_spawn_more_than_this_many": 1
    }
  ]
}