{
  "name": "repurposed_structures:villages/birch/houses",
  "fallback": "repurposed_structures:villages/birch/terminators",
  "elements": [
    {
      "weight": 2,
      "element": {
        "location": "morevillagers:village/birch/engineer",
        "processors": "repurposed_structures:villages/birch/mossify",
        "projection": "rigid",
        "element_type": "minecraft:legacy_single_pool_element"
      }
    },
    {
      "weight": 3,
      "element": {
        "location": "morevillagers:village/birch/florist",
        "processors": "repurposed_structures:villages/birch/mossify",
        "projection": "rigid",
        "element_type": "minecraft:legacy_single_pool_element"
      }
    },
    {
      "weight": 1,
      "element": {
        "location": "morevillagers:village/birch/hunter",
        "processors": "repurposed_structures:villages/birch/mossify",
        "projection": "rigid",
        "element_type": "minecraft:legacy_single_pool_element"
      }
    },
    {
      "weight": 2,
      "element": {
        "location": "morevillagers:village/birch/oceanographer",
        "processors": "repurposed_structures:villages/birch/mossify",
        "projection": "rigid",
        "element_type": "minecraft:legacy_single_pool_element"
      }
    },
    {
      "weight": 2,
      "element": {
        "location": "morevillagers:village/birch/woodworker",
        "processors": "repurposed_structures:villages/birch/mossify",
        "projection": "rigid",
        "element_type": "minecraft:legacy_single_pool_element"
      }
    }
  ]
}
