{
  "name": "repurposed_structures:villages/oak/houses",
  "fallback": "repurposed_structures:villages/oak/terminators",
  "elements": [
    {
      "weight": 2,
      "element": {
        "location": "morevillagers:village/oak/engineer",
        "processors": "repurposed_structures:villages/oak/mossify",
        "projection": "rigid",
        "element_type": "minecraft:legacy_single_pool_element"
      }
    },
    {
      "weight": 2,
      "element": {
        "location": "morevillagers:village/oak/florist",
        "processors": "repurposed_structures:villages/oak/mossify",
        "projection": "rigid",
        "element_type": "minecraft:legacy_single_pool_element"
      }
    },
    {
      "weight": 1,
      "element": {
        "location": "morevillagers:village/oak/hunter",
        "processors": "repurposed_structures:villages/oak/mossify",
        "projection": "rigid",
        "element_type": "minecraft:legacy_single_pool_element"
      }
    },
    {
      "weight": 2,
      "element": {
        "location": "morevillagers:village/oak/oceanographer",
        "processors": "repurposed_structures:villages/oak/mossify",
        "projection": "rigid",
        "element_type": "minecraft:legacy_single_pool_element"
      }
    },
    {
      "weight": 3,
      "element": {
        "location": "morevillagers:village/oak/woodworker",
        "processors": "repurposed_structures:villages/oak/mossify",
        "projection": "rigid",
        "element_type": "minecraft:legacy_single_pool_element"
      }
    }
  ]
}
