{
  "name": "repurposed_structures:villages/mountains/houses",
  "fallback": "repurposed_structures:villages/mountains/terminators",
  "elements": [
    {
      "weight": 3,
      "element": {
        "location": "morevillagers:village/mountains/engineer",
        "processors": "repurposed_structures:villages/mountains/mossify",
        "projection": "rigid",
        "element_type": "minecraft:legacy_single_pool_element"
      }
    },
    {
      "weight": 2,
      "element": {
        "location": "morevillagers:village/mountains/florist",
        "processors": "repurposed_structures:villages/mountains/mossify",
        "projection": "rigid",
        "element_type": "minecraft:legacy_single_pool_element"
      }
    },
    {
      "weight": 3,
      "element": {
        "location": "morevillagers:village/mountains/hunter",
        "processors": "repurposed_structures:villages/mountains/mossify",
        "projection": "rigid",
        "element_type": "minecraft:legacy_single_pool_element"
      }
    },
    {
      "weight": 2,
      "element": {
        "location": "morevillagers:village/mountains/oceanographer",
        "processors": "repurposed_structures:villages/mountains/mossify",
        "projection": "rigid",
        "element_type": "minecraft:legacy_single_pool_element"
      }
    },
    {
      "weight": 2,
      "element": {
        "location": "morevillagers:village/mountains/woodworker",
        "processors": "repurposed_structures:villages/mountains/mossify",
        "projection": "rigid",
        "element_type": "minecraft:legacy_single_pool_element"
      }
    }
  ]
}
