{
  "processors": [
    {
      "processor_type": "betterdeserttemples:infested_cracked_stone_bricks_processor"
    },
    {
      "processor_type": "betterdeserttemples:bone_block_processor"
    },
    {
      "processor_type": "betterdeserttemples:yellow_wool_processor"
    },
    {
      "processor_type": "betterdeserttemples:gravel_processor"
    },
    {
      "processor_type": "betterdeserttemples:red_wool_processor"
    },
    {
      "processor_type": "betterdeserttemples:armor_stand_processor"
    },
    {
      "processor_type": "betterdeserttemples:item_frame_processor"
    },
    {
      "processor_type": "repurposed_structures:spawner_randomizing_processor",
      "rs_spawner_resourcelocation": "repurposed_structures:pyramids/ocean"
    },
    {
      "processor_type": "minecraft:rule",
      "rules": [
        {
          "output_state": {
            "Name": "minecraft:prismarine_slab",
            "Properties": {
                "type": "bottom",
                "waterlogged": "true"
            }
          },
          "input_predicate": {
            "block": "minecraft:acacia_wood",
            "probability": 0.1,
            "predicate_type": "minecraft:random_block_match"
          },
          "location_predicate": {
            "predicate_type": "minecraft:always_true"
          }
        },
        {
          "output_state": {
            "Name": "minecraft:prismarine_slab",
            "Properties": {
                "type": "top",
                "waterlogged": "true"
            }
          },
          "input_predicate": {
            "block": "minecraft:acacia_wood",
            "probability": 0.11,
            "predicate_type": "minecraft:random_block_match"
          },
          "location_predicate": {
            "predicate_type": "minecraft:always_true"
          }
        },
        {
          "output_state": {
            "Name": "minecraft:prismarine_stairs",
            "Properties": {
              "facing": "east",
              "half": "top",
              "shape": "straight",
              "waterlogged": "true"
            }
          },
          "input_predicate": {
            "block": "minecraft:acacia_wood",
            "probability": 0.03,
            "predicate_type": "minecraft:random_block_match"
          },
          "location_predicate": {
            "predicate_type": "minecraft:always_true"
          }
        },
        {
          "output_state": {
            "Name": "minecraft:prismarine_stairs",
            "Properties": {
              "facing": "south",
              "half": "top",
              "shape": "straight",
              "waterlogged": "true"
            }
          },
          "input_predicate": {
            "block": "minecraft:acacia_wood",
            "probability": 0.03,
            "predicate_type": "minecraft:random_block_match"
          },
          "location_predicate": {
            "predicate_type": "minecraft:always_true"
          }
        },
        {
          "output_state": {
            "Name": "minecraft:prismarine_stairs",
            "Properties": {
              "facing": "north",
              "half": "top",
              "shape": "straight",
              "waterlogged": "true"
            }
          },
          "input_predicate": {
            "block": "minecraft:acacia_wood",
            "probability": 0.03,
            "predicate_type": "minecraft:random_block_match"
          },
          "location_predicate": {
            "predicate_type": "minecraft:always_true"
          }
        },
        {
          "output_state": {
            "Name": "minecraft:prismarine_stairs",
            "Properties": {
              "facing": "west",
              "half": "top",
              "shape": "straight",
              "waterlogged": "true"
            }
          },
          "input_predicate": {
            "block": "minecraft:acacia_wood",
            "probability": 0.03,
            "predicate_type": "minecraft:random_block_match"
          },
          "location_predicate": {
            "predicate_type": "minecraft:always_true"
          }
        },
        {
          "output_state": {
            "Name": "minecraft:prismarine"
          },
          "input_predicate": {
            "block": "minecraft:acacia_wood",
            "predicate_type": "minecraft:block_match"
          },
          "location_predicate": {
            "predicate_type": "minecraft:always_true"
          }
        },
        {
          "output_state": {
            "Name": "minecraft:water"
          },
          "input_predicate": {
            "block": "minecraft:white_stained_glass",
            "predicate_type": "minecraft:block_match"
          },
          "location_predicate": {
            "predicate_type": "minecraft:always_true"
          }
        },
        {
          "output_state": {
            "Name": "minecraft:water"
          },
          "input_predicate": {
            "block": "minecraft:sea_pickle",
            "probability": 0.05,
            "predicate_type": "minecraft:random_block_match"
          },
          "location_predicate": {
            "predicate_type": "minecraft:always_true"
          }
        },
        {
          "output_state": {
            "Name": "minecraft:sea_lantern"
          },
          "input_predicate": {
            "block": "minecraft:wall_torch",
            "probability": 0.05,
            "predicate_type": "minecraft:random_block_match"
          },
          "location_predicate": {
            "predicate_type": "minecraft:always_true"
          }
        },
        {
          "output_state": {
            "Name": "minecraft:prismarine_slab",
            "Properties": {
                "type": "bottom",
                "waterlogged": "true"
            }
          },
          "input_predicate": {
            "block_state": {
              "Name": "minecraft:sandstone_slab",
              "Properties": {
                  "type": "bottom",
                  "waterlogged": "true"
              }
            },
            "predicate_type": "minecraft:blockstate_match"
          },
          "location_predicate": {
            "predicate_type": "minecraft:always_true"
          }
        },
        {
          "output_state": {
            "Name": "minecraft:prismarine_slab",
            "Properties": {
                "type": "bottom",
                "waterlogged": "true"
            }
          },
          "input_predicate": {
            "block_state": {
              "Name": "minecraft:sandstone_slab",
              "Properties": {
                  "type": "bottom",
                  "waterlogged": "false"
              }
            },
            "predicate_type": "minecraft:blockstate_match"
          },
          "location_predicate": {
            "predicate_type": "minecraft:always_true"
          }
        },
        {
          "output_state": {
            "Name": "minecraft:prismarine_slab",
            "Properties": {
                "type": "top",
                "waterlogged": "true"
            }
          },
          "input_predicate": {
            "block_state": {
              "Name": "minecraft:sandstone_slab",
              "Properties": {
                  "type": "top",
                  "waterlogged": "true"
              }
            },
            "predicate_type": "minecraft:blockstate_match"
          },
          "location_predicate": {
            "predicate_type": "minecraft:always_true"
          }
        },
        {
          "output_state": {
            "Name": "minecraft:prismarine_slab",
            "Properties": {
                "type": "top",
                "waterlogged": "true"
            }
          },
          "input_predicate": {
            "block_state": {
              "Name": "minecraft:sandstone_slab",
              "Properties": {
                  "type": "top",
                  "waterlogged": "false"
              }
            },
            "predicate_type": "minecraft:blockstate_match"
          },
          "location_predicate": {
            "predicate_type": "minecraft:always_true"
          }
        },
        {
          "output_state": {
            "Name": "minecraft:sea_pickle",
            "Properties": {
              "pickles": "4",
              "waterlogged": "true"
            }
          },
          "input_predicate": {
            "block": "minecraft:cake",
            "predicate_type": "minecraft:block_match"
          },
          "location_predicate": {
            "predicate_type": "minecraft:always_true"
          }
        },
        {
          "output_state": {
            "Name": "minecraft:sea_pickle",
            "Properties": {
              "pickles": "4",
              "waterlogged": "true"
            }
          },
          "input_predicate": {
            "block": "minecraft:anvil",
            "predicate_type": "minecraft:block_match"
          },
          "location_predicate": {
            "predicate_type": "minecraft:always_true"
          }
        },
        {
          "output_state": {
            "Name": "minecraft:sea_pickle",
            "Properties": {
              "pickles": "4",
              "waterlogged": "true"
            }
          },
          "input_predicate": {
            "block": "minecraft:grindstone",
            "predicate_type": "minecraft:block_match"
          },
          "location_predicate": {
            "predicate_type": "minecraft:always_true"
          }
        }
      ]
    },
    {
      "processor_type": "repurposed_structures:random_replace_with_properties_processor",
      "probability": 1,
      "input_block": "minecraft:diorite",
      "output_blocks": [
        "minecraft:dark_prismarine",
        "minecraft:prismarine_slab",
        "minecraft:prismarine",
        "minecraft:sand"
      ]
    },
    {
      "processor_type": "repurposed_structures:random_replace_with_properties_processor",
      "probability": 1,
      "input_block": "minecraft:end_stone_brick_wall",
      "output_blocks": [
        "minecraft:prismarine_wall"
      ]
    },
    {
      "rules": [
        {
          "output_state": {
            "Properties": {
              "pickles": "4",
              "waterlogged": "true"
            },
            "Name": "minecraft:sea_pickle"
          },
          "input_predicate": {
            "block": "minecraft:sea_pickle",
            "probability": 0.25,
            "predicate_type": "minecraft:random_block_match"
          },
          "location_predicate": {
            "predicate_type": "minecraft:always_true"
          }
        },
        {
          "output_state": {
            "Properties": {
              "pickles": "3",
              "waterlogged": "true"
            },
            "Name": "minecraft:sea_pickle"
          },
          "input_predicate": {
            "block": "minecraft:sea_pickle",
            "probability": 0.33,
            "predicate_type": "minecraft:random_block_match"
          },
          "location_predicate": {
            "predicate_type": "minecraft:always_true"
          }
        },
        {
          "output_state": {
            "Properties": {
              "pickles": "2",
              "waterlogged": "true"
            },
            "Name": "minecraft:sea_pickle"
          },
          "input_predicate": {
            "block": "minecraft:sea_pickle",
            "probability": 0.5,
            "predicate_type": "minecraft:random_block_match"
          },
          "location_predicate": {
            "predicate_type": "minecraft:always_true"
          }
        },
        {
          "output_state": {
            "Name": "minecraft:sea_pickle",
            "Properties": {
              "pickles": "1",
              "waterlogged": "true"
            }
          },
          "input_predicate": {
            "block": "minecraft:sea_pickle",
            "predicate_type": "minecraft:block_match"
          },
          "location_predicate": {
            "predicate_type": "minecraft:always_true"
          }
        }
      ],
      "processor_type": "minecraft:rule"
    },
    {
      "rules": [
        {
          "output_state": {
            "Name": "minecraft:oxidized_copper"
          },
          "input_predicate": {
            "block": "minecraft:spawner",
            "predicate_type": "minecraft:block_match"
          },
          "location_predicate": {
            "predicate_type": "minecraft:always_true"
          }
        },
        {
          "output_state": {
            "Name": "minecraft:water"
          },
          "input_predicate": {
            "block": "minecraft:water",
            "predicate_type": "minecraft:block_match"
          },
          "location_predicate": {
            "predicate_type": "minecraft:always_true"
          }
        },
        {
          "output_state": {
            "Name": "minecraft:prismarine_bricks"
          },
          "input_predicate": {
            "block": "minecraft:polished_diorite",
            "probability": 0.25,
            "predicate_type": "minecraft:random_block_match"
          },
          "location_predicate": {
            "predicate_type": "minecraft:always_true"
          }
        },
        {
          "output_state": {
            "Name": "minecraft:dark_prismarine"
          },
          "input_predicate": {
            "block": "minecraft:polished_diorite",
            "predicate_type": "minecraft:block_match"
          },
          "location_predicate": {
            "predicate_type": "minecraft:always_true"
          }
        }
      ],
      "processor_type": "minecraft:rule"
    },
    {
      "processor_type": "repurposed_structures:tick_blocks_processor",
      "blocks_to_tick": [
        "minecraft:water"
      ]
    },
    {
      "processor_type": "repurposed_structures:pillar_processor",
      "direction": "down",
      "pillar_length": 8,
      "pillar_trigger_and_replacements": [
        {
          "trigger" : {
            "Name": "minecraft:purpur_pillar"
          },
          "replacement" : {
            "Name": "minecraft:prismarine_wall",
            "Properties": {
              "waterlogged": "true",
              "up": "true",
              "west": "none",
              "south": "none",
              "north": "none",
              "east": "none"
            }
          }
        }
      ]
    },
    {
      "processor_type": "repurposed_structures:pillar_processor",
      "direction": "down",
      "pillar_length": 8,
      "pillar_trigger_and_replacements": [
        {
          "trigger" : {
            "Name": "minecraft:quartz_pillar"
          },
          "replacement" : {
            "Name": "minecraft:dark_prismarine"
          }
        }
      ]
    },
    {
      "processor_type": "repurposed_structures:pillar_processor",
      "direction": "down",
      "pillar_trigger_and_replacements": [
        {
          "trigger" : {
            "Name": "minecraft:yellow_stained_glass"
          },
          "replacement" : {
            "Name": "minecraft:dark_prismarine"
          }
        }
      ]
    }
  ]
}