{
  "name": "repurposed_structures:villages/oak/houses",
  "fallback": "repurposed_structures:villages/oak/terminators",
  "elements": [
    {
      "weight": 5,
      "element": {
        "location": "cobblemon:villages/oak/berry_small",
        "processors": "cobblemon:villages/oak/crop_to_berry",
        "projection": "rigid",
        "element_type": "minecraft:single_pool_element"
      }
    },
    {
      "weight": 5,
      "element": {
        "location": "cobblemon:villages/oak/berry_large",
        "processors": "cobblemon:villages/oak/crop_to_berry",
        "projection": "rigid",
        "element_type": "minecraft:single_pool_element"
      }
    }
  ]
}
