{
  "type": "minecraft:chest",
  "pools": [
    {
      "rolls": {
        "type": "minecraft:uniform",
        "min": 2.0,
        "max": 4.0
      },
      "bonus_rolls": 0.0,
      "entries": [
        {
          "type": "minecraft:item",
          "weight": 100,
          "functions": [
            {
              "function": "minecraft:set_count",
              "count": {
                "type": "minecraft:uniform",
                "min": 1.0,
                "max": 3.0
              },
              "add": false
            }
          ],
          "name": "minecraft:flint"
        },
        {
          "type": "minecraft:item",
          "weight": 100,
          "functions": [
            {
              "function": "minecraft:set_count",
              "count": {
                "type": "minecraft:uniform",
                "min": 1.0,
                "max": 3.0
              },
              "add": false
            }
          ],
          "name": "minecraft:coal"
        },
        {
          "type": "minecraft:item",
          "weight": 100,
          "functions": [
            {
              "function": "minecraft:set_count",
              "count": {
                "type": "minecraft:uniform",
                "min": 1.0,
                "max": 3.0
              },
              "add": false
            }
          ],
          "name": "minecraft:string"
        },
        {
          "name": "minecraft:cocoa_beans",
          "type": "minecraft:item",
          "weight": 20,
          "functions": [
            {
              "function": "minecraft:set_count",
              "count": {
                "min": 1.0,
                "max": 10.0,
                "type": "minecraft:uniform"
              }
            }
          ]
        },
        {
          "name": "minecraft:cobweb",
          "type": "minecraft:item",
          "weight": 20,
          "functions": [
            {
              "function": "minecraft:set_count",
              "count": {
                "min": 1.0,
                "max": 5.0,
                "type": "minecraft:uniform"
              }
            }
          ]
        },
        {
          "name": "minecraft:bone",
          "type": "minecraft:item",
          "weight": 20,
          "functions": [
            {
              "function": "minecraft:set_count",
              "count": {
                "min": 1.0,
                "max": 5.0,
                "type": "minecraft:uniform"
              }
            }
          ]
        },
        {
          "name": "minecraft:bread",
          "type": "minecraft:item",
          "weight": 20,
          "functions": [
            {
              "function": "minecraft:set_count",
              "count": {
                "min": 1.0,
                "max": 5.0,
                "type": "minecraft:uniform"
              }
            }
          ]
        },
        {
          "type": "minecraft:item",
          "weight": 100,
          "functions": [
            {
              "function": "minecraft:set_count",
              "count": {
                "type": "minecraft:uniform",
                "min": 1.0,
                "max": 3.0
              },
              "add": false
            }
          ],
          "name": "minecraft:gunpowder"
        },
        {
          "type": "minecraft:item",
          "weight": 50,
          "name": "minecraft:saddle"
        },
        {
          "type": "minecraft:item",
          "weight": 25,
          "functions": [
            {
              "add": false,
              "damage": {
                "type": "minecraft:uniform",
                "max": 0.8,
                "min": 0.1
              },
              "function": "minecraft:set_damage"
            }
          ],
          "name": "minecraft:iron_horse_armor"
        },
        {
          "type": "minecraft:item",
          "weight": 20,
          "functions": [
            {
              "add": false,
              "damage": {
                "type": "minecraft:uniform",
                "max": 0.8,
                "min": 0.1
              },
              "function": "minecraft:set_damage"
            }
          ],
          "name": "minecraft:golden_horse_armor"
        },
        {
          "type": "minecraft:item",
          "weight": 15,
          "functions": [
            {
              "add": false,
              "damage": {
                "type": "minecraft:uniform",
                "max": 0.8,
                "min": 0.1
              },
              "function": "minecraft:set_damage"
            }
          ],
          "name": "minecraft:diamond_horse_armor"
        },
        {
          "name": "minecraft:stone_sword",
          "type": "minecraft:item",
          "weight": 50,
          "functions": [
            {
              "function": "minecraft:set_damage",
              "damage": {
                "min": 0.9,
                "max": 1
              }
            }
          ]
        },
        {
          "name": "minecraft:leather_boots",
          "type": "minecraft:item",
          "weight": 25,
          "functions": [
            {
              "function": "minecraft:set_damage",
              "damage": {
                "min": 0.9,
                "max": 1
              }
            },
            {
              "function": "minecraft:enchant_with_levels",
              "levels": {
                "min": -10.0,
                "max": 5.0,
                "type": "minecraft:uniform"
              },
              "options": "#minecraft:on_random_loot"
            }
          ]
        },
        {
          "name": "minecraft:leather_chestplate",
          "type": "minecraft:item",
          "weight": 25,
          "functions": [
            {
              "function": "minecraft:set_damage",
              "damage": {
                "min": 0.9,
                "max": 1
              }
            },
            {
              "function": "minecraft:enchant_with_levels",
              "levels": {
                "min": -10.0,
                "max": 5.0,
                "type": "minecraft:uniform"
              },
              "options": "#minecraft:on_random_loot"
            }
          ]
        },
        {
          "name": "minecraft:leather_leggings",
          "type": "minecraft:item",
          "weight": 25,
          "functions": [
            {
              "function": "minecraft:set_damage",
              "damage": {
                "min": 0.9,
                "max": 1
              }
            },
            {
              "function": "minecraft:enchant_with_levels",
              "levels": {
                "min": -10.0,
                "max": 5.0,
                "type": "minecraft:uniform"
              },
              "options": "#minecraft:on_random_loot"
            }
          ]
        },
        {
          "name": "minecraft:leather_helmet",
          "type": "minecraft:item",
          "weight": 25,
          "functions": [
            {
              "function": "minecraft:set_damage",
              "damage": {
                "min": 0.9,
                "max": 1
              }
            },
            {
              "function": "minecraft:enchant_with_levels",
              "levels": {
                "min": -10.0,
                "max": 5.0,
                "type": "minecraft:uniform"
              },
              "options": "#minecraft:on_random_loot"
            }
          ]
        },
        {
          "name": "minecraft:chainmail_boots",
          "type": "minecraft:item",
          "weight": 25,
          "functions": [
            {
              "function": "minecraft:set_damage",
              "damage": {
                "min": 0.7,
                "max": 1
              }
            }
          ]
        },
        {
          "name": "minecraft:chainmail_chestplate",
          "type": "minecraft:item",
          "weight": 25,
          "functions": [
            {
              "function": "minecraft:set_damage",
              "damage": {
                "min": 0.7,
                "max": 1
              }
            }
          ]
        },
        {
          "name": "minecraft:chainmail_leggings",
          "type": "minecraft:item",
          "weight": 25,
          "functions": [
            {
              "function": "minecraft:set_damage",
              "damage": {
                "min": 0.7,
                "max": 1
              }
            }
          ]
        },
        {
          "name": "minecraft:chainmail_helmet",
          "type": "minecraft:item",
          "weight": 25,
          "functions": [
            {
              "function": "minecraft:set_damage",
              "damage": {
                "min": 0.7,
                "max": 1
              }
            }
          ]
        },
        {
          "name": "minecraft:stone_pickaxe",
          "type": "minecraft:item",
          "weight": 15,
          "functions": [
            {
              "function": "minecraft:set_damage",
              "damage": {
                "min": 0.9,
                "max": 1
              }
            }
          ]
        },
        {
          "name": "minecraft:stone_shovel",
          "type": "minecraft:item",
          "weight": 15,
          "functions": [
            {
              "function": "minecraft:set_damage",
              "damage": {
                "min": 0.9,
                "max": 1
              }
            }
          ]
        },
        {
          "name": "minecraft:iron_sword",
          "type": "minecraft:item",
          "weight": 15,
          "functions": [
            {
              "function": "minecraft:set_damage",
              "damage": {
                "min": 0.7,
                "max": 1
              }
            }
          ]
        },
        {
          "name": "minecraft:iron_boots",
          "type": "minecraft:item",
          "weight": 15,
          "functions": [
            {
              "function": "minecraft:set_damage",
              "damage": {
                "min": 0.7,
                "max": 1
              }
            }
          ]
        },
        {
          "name": "minecraft:iron_chestplate",
          "type": "minecraft:item",
          "weight": 15,
          "functions": [
            {
              "function": "minecraft:set_damage",
              "damage": {
                "min": 0.7,
                "max": 1
              }
            }
          ]
        },
        {
          "name": "minecraft:iron_leggings",
          "type": "minecraft:item",
          "weight": 15,
          "functions": [
            {
              "function": "minecraft:set_damage",
              "damage": {
                "min": 0.7,
                "max": 1
              }
            }
          ]
        },
        {
          "name": "minecraft:iron_helmet",
          "type": "minecraft:item",
          "weight": 15,
          "functions": [
            {
              "function": "minecraft:set_damage",
              "damage": {
                "min": 0.7,
                "max": 1
              }
            }
          ]
        },
        {
          "name": "minecraft:iron_pickaxe",
          "type": "minecraft:item",
          "weight": 5,
          "functions": [
            {
              "function": "minecraft:set_damage",
              "damage": {
                "min": 0.7,
                "max": 1
              }
            }
          ]
        },
        {
          "name": "minecraft:iron_shovel",
          "type": "minecraft:item",
          "weight": 5,
          "functions": [
            {
              "function": "minecraft:set_damage",
              "damage": {
                "min": 0.7,
                "max": 1
              }
            }
          ]
        }
      ]
    }
  ]
}