{
  "name": "repurposed_structures:villages/badlands/houses",
  "fallback": "minecraft:empty",
  "elements": [
    {
      "weight": 4,
      "element": {
        "location": "dynamicvillage:villages/badlands/mech",
        "processors": "repurposed_structures:villages/badlands/randomizer",
        "projection": "rigid",
        "element_type": "minecraft:legacy_single_pool_element"
      }
    },
    {
      "weight": 4,
      "element": {
        "location": "dynamicvillage:villages/badlands/miner",
        "processors": "repurposed_structures:villages/badlands/randomizer",
        "projection": "rigid",
        "element_type": "minecraft:legacy_single_pool_element"
      }
    },
    {
      "weight": 4,
      "element": {
        "location": "dynamicvillage:villages/badlands/plumber",
        "processors": "repurposed_structures:villages/badlands/randomizer",
        "projection": "rigid",
        "element_type": "minecraft:legacy_single_pool_element"
      }
    },
    {
      "weight": 4,
      "element": {
        "location": "dynamicvillage:villages/badlands/train",
        "processors": "repurposed_structures:villages/badlands/randomizer",
        "projection": "rigid",
        "element_type": "minecraft:legacy_single_pool_element"
      }
    }
  ]
}