{
  "name": "repurposed_structures:villages/jungle/houses",
  "fallback": "minecraft:empty",
  "elements": [
    {
      "weight": 5,
      "element": {
        "location": "sawmill:villages/jungle/sawmill_big",
        "processors": "repurposed_structures:villages/jungle/mossify",
        "projection": "rigid",
        "element_type": "minecraft:legacy_single_pool_element"
      }
    },
    {
      "weight": 5,
      "element": {
        "location": "sawmill:villages/jungle/sawmill_small",
        "processors": "repurposed_structures:villages/jungle/mossify",
        "projection": "rigid",
        "element_type": "minecraft:legacy_single_pool_element"
      }
    }
  ]
}