{
  "type": "repurposed_structures:generic_jigsaw_structure",
  "start_pool": "betteroceanmonuments:nether/starts",
  "size": 20,
  "valid_biome_radius_check": 1,
  "biomes": "#repurposed_structures:has_structure/monuments/nether",
  "step": "strongholds",
  "terrain_adaptation": "beard_box",
  "start_height": {
    "absolute": 31
  },
  "spawn_overrides": {
    "monster": {
      "bounding_box": "piece",
      "spawns": [
        {
          "type": "minecraft:magma_cube",
          "weight": 20,
          "minCount": 1,
          "maxCount": 3
        },
        {
          "type": "minecraft:wither_skeleton",
          "weight": 10,
          "minCount": 1,
          "maxCount": 3
        },
        {
          "type": "minecraft:ghast",
          "weight": 5,
          "minCount": 1,
          "maxCount": 1
        }
      ]
    }
  }
}