{
  "type": "repurposed_structures:generic_jigsaw_structure",
  "start_pool": "betteroceanmonuments:desert/starts",
  "size": 20,
  "valid_biome_radius_check": 2,
  "biomes": "#repurposed_structures:has_structure/monuments/desert",
  "step": "surface_structures",
  "terrain_adaptation": "none",
  "project_start_to_heightmap": "WORLD_SURFACE_WG",
  "burying_type": "LOWEST_CORNER",
  "start_height": {
    "absolute": 0
  },
  "spawn_overrides": {
    "monster": {
      "bounding_box": "piece",
      "spawns": [
        {
          "type": "minecraft:husk",
          "weight": 20,
          "minCount": 1,
          "maxCount": 4
        },
        {
          "type": "minecraft:creeper",
          "weight": 15,
          "minCount": 1,
          "maxCount": 2
        },
        {
          "type": "minecraft:skeleton",
          "weight": 10,
          "minCount": 1,
          "maxCount": 3
        }
      ]
    }
  }
}