{
  "type": "minecraft:chest",
  "pools": [
    {
      "rolls": {
        "type": "minecraft:uniform",
        "min": 3.0,
        "max": 6.0
      },
      "bonus_rolls": 0.0,
      "entries": [
        {
          "type": "minecraft:item",
          "weight": 5,
          "functions": [
            {
              "function": "minecraft:set_count",
              "count": {
                "type": "minecraft:uniform",
                "min": 3.0,
                "max": 6.0
              },
              "add": false
            }
          ],
          "name": "minecraft:brown_wool"
        },
        {
          "type": "minecraft:item",
          "weight": 5,
          "functions": [
            {
              "function": "minecraft:set_count",
              "count": {
                "type": "minecraft:uniform",
                "min": 3.0,
                "max": 6.0
              },
              "add": false
            }
          ],
          "name": "minecraft:red_wool"
        },
        {
          "type": "minecraft:item",
          "weight": 5,
          "functions": [
            {
              "function": "minecraft:set_count",
              "count": {
                "type": "minecraft:uniform",
                "min": 3.0,
                "max": 6.0
              },
              "add": false
            }
          ],
          "name": "minecraft:leather"
        },
        {
          "type": "minecraft:item",
          "weight": 2,
          "name": "minecraft:leather_helmet"
        },
        {
          "type": "minecraft:item",
          "weight": 2,
          "name": "minecraft:leather_chestplate"
        },
        {
          "type": "minecraft:item",
          "weight": 2,
          "name": "minecraft:leather_leggings"
        },
        {
          "type": "minecraft:item",
          "weight": 2,
          "name": "minecraft:leather_boots"
        },
        {
          "type": "minecraft:item",
          "weight": 1,
          "functions": [
            {
              "function": "minecraft:enchant_randomly",
              "enchantments": [
                "binding_curse",
                "vanishing_curse"
              ]
            },
            {
              "function": "minecraft:enchant_randomly",
              "options": "#minecraft:on_random_loot"
            }
          ],
          "name": "minecraft:leather_helmet"
        },
        {
          "type": "minecraft:item",
          "weight": 1,
          "functions": [
            {
              "function": "minecraft:enchant_randomly",
              "enchantments": [
                "binding_curse",
                "vanishing_curse"
              ]
            },
            {
              "function": "minecraft:enchant_randomly",
              "options": "#minecraft:on_random_loot"
            }
          ],
          "name": "minecraft:leather_chestplate"
        },
        {
          "type": "minecraft:item",
          "weight": 1,
          "functions": [
            {
              "function": "minecraft:enchant_randomly",
              "enchantments": [
                "binding_curse",
                "vanishing_curse"
              ]
            },
            {
              "function": "minecraft:enchant_randomly",
              "options": "#minecraft:on_random_loot"
            }
          ],
          "name": "minecraft:leather_leggings"
        },
        {
          "type": "minecraft:item",
          "weight": 1,
          "functions": [
            {
              "function": "minecraft:enchant_randomly",
              "enchantments": [
                "binding_curse",
                "vanishing_curse"
              ]
            },
            {
              "function": "minecraft:enchant_randomly",
              "options": "#minecraft:on_random_loot"
            }
          ],
          "name": "minecraft:leather_boots"
        },
        {
          "type": "minecraft:item",
          "weight": 1,
          "functions": [
            {
              "function": "minecraft:enchant_randomly",
              "options": "#minecraft:on_random_loot"
            }
          ],
          "name": "minecraft:leather_helmet"
        },
        {
          "type": "minecraft:item",
          "weight": 1,
          "functions": [
            {
              "function": "minecraft:enchant_randomly",
              "options": "#minecraft:on_random_loot"
            }
          ],
          "name": "minecraft:leather_chestplate"
        },
        {
          "type": "minecraft:item",
          "weight": 1,
          "functions": [
            {
              "function": "minecraft:enchant_randomly",
              "options": "#minecraft:on_random_loot"
            }
          ],
          "name": "minecraft:leather_leggings"
        },
        {
          "type": "minecraft:item",
          "weight": 1,
          "functions": [
            {
              "function": "minecraft:enchant_randomly",
              "options": "#minecraft:on_random_loot"
            }
          ],
          "name": "minecraft:leather_boots"
        },
        {
          "type": "minecraft:item",
          "weight": 2,
          "functions": [
            {
              "function": "minecraft:set_count",
              "count": {
                "type": "minecraft:uniform",
                "min": 2.0,
                "max": 6.0
              },
              "add": false
            }
          ],
          "name": "minecraft:orange_dye"
        },
        {
          "type": "minecraft:item",
          "weight": 2,
          "functions": [
            {
              "function": "minecraft:set_count",
              "count": {
                "type": "minecraft:uniform",
                "min": 3.0,
                "max": 6.0
              },
              "add": false
            }
          ],
          "name": "minecraft:brown_dye"
        },
        {
          "type": "minecraft:item",
          "weight": 2,
          "functions": [
            {
              "function": "minecraft:set_count",
              "count": {
                "type": "minecraft:uniform",
                "min": 3.0,
                "max": 6.0
              },
              "add": false
            }
          ],
          "name": "minecraft:red_dye"
        },
        {
          "type": "minecraft:item",
          "weight": 2,
          "functions": [
            {
              "function": "minecraft:set_count",
              "count": {
                "type": "minecraft:uniform",
                "min": 3.0,
                "max": 6.0
              },
              "add": false
            }
          ],
          "name": "minecraft:green_dye"
        },
        {
          "type": "minecraft:item",
          "weight": 5,
          "functions": [
            {
              "function": "minecraft:set_count",
              "count": {
                "type": "minecraft:uniform",
                "min": 4.0,
                "max": 6.0
              },
              "add": false
            }
          ],
          "name": "minecraft:feather"
        }
      ]
    }
  ]
}