{
  "processors": [
    {
      "processor_type": "betterjungletemples:empty_dispenser_processor"
    },
    {
      "processor_type": "betterjungletemples:fireball_dispenser_processor"
    },
    {
      "processor_type": "betterjungletemples:blast_furnace_processor"
    },
    {
      "processor_type": "betterjungletemples:item_frame_processor"
    },
    {
      "processor_type": "betterjungletemples:block_replace_processor",
      "target_block": {
        "Name": "minecraft:blue_concrete"
      },
      "output": {
        "defaultBlockState": {
          "Name": "minecraft:lava"
        },
        "entries": [
          {
            "blockState": {
              "Name": "minecraft:soul_soil"
            },
            "probability": 0.15
          },
          {
            "blockState": {
              "Name": "minecraft:soul_sand"
            },
            "probability": 0.15
          }
        ]
      }
    },
    {
      "processor_type": "betterjungletemples:block_replace_processor",
      "target_block": {
        "Name": "minecraft:pink_concrete"
      },
      "output": {
        "defaultBlockState": {
          "Name": "minecraft:nether_bricks"
        },
        "entries": [
        ]
      }
    },
    {
      "processor_type": "betterjungletemples:pillar_processor",
      "target_block": {
        "Name": "minecraft:orange_stained_glass"
      },
      "target_block_output": {
        "defaultBlockState": {
          "Name": "minecraft:soul_soil"
        },
        "entries": [
          {
            "blockState": {
              "Name": "minecraft:soul_sand"
            },
            "probability": 0.6
          }
        ]
      },
      "pillar_states": {
        "defaultBlockState": {
          "Name": "minecraft:soul_soil"
        },
        "entries": [
          {
            "blockState": {
              "Name": "minecraft:soul_sand"
            },
            "probability": 0.6
          }
        ]
      }
    },
    {
      "processor_type": "betterjungletemples:block_replace_processor",
      "target_block": {
        "Name": "minecraft:granite"
      },
      "output": {
        "defaultBlockState": {
          "Name": "minecraft:soul_soil"
        },
        "entries": [
          {
            "blockState": {
              "Name": "minecraft:soul_sand"
            },
            "probability": 0.4
          },
          {
            "blockState": {
              "Name": "minecraft:netherrack"
            },
            "probability": 0.05
          },
          {
            "blockState": {
              "Name": "minecraft:netherrack"
            },
            "probability": 0.05
          },
          {
            "blockState": {
              "Name": "minecraft:nether_brick_slab"
            },
            "probability": 0.1
          },
          {
            "blockState": {
              "Name": "minecraft:nether_brick_slab"
            },
            "probability": 0.1
          }
        ]
      }
    },
    {
      "processor_type": "betterjungletemples:block_replace_processor",
      "target_block": {
        "Name": "minecraft:polished_granite"
      },
      "output": {
        "defaultBlockState": {
          "Name": "minecraft:soul_soil"
        },
        "entries": [
          {
            "blockState": {
              "Name": "minecraft:soul_sand"
            },
            "probability": 0.25
          }
        ]
      }
    },
    {
      "processor_type": "betterjungletemples:block_replace_processor",
      "target_block": {
        "Name": "minecraft:smooth_red_sandstone"
      },
      "output": {
        "defaultBlockState": {
          "Name": "minecraft:soul_sand"
        },
        "entries": [
          {
            "blockState": {
              "Name": "minecraft:soul_sand"
            },
            "probability": 0.6
          }
        ]
      }
    },
    {
      "processor_type": "betterjungletemples:block_replace_processor",
      "copy_input_properties": true,
      "target_block": {
        "Name": "minecraft:red_sandstone_slab"
      },
      "output": {
        "defaultBlockState": {
          "Name": "minecraft:nether_brick_slab"
        },
        "entries": [
          {
            "blockState": {
              "Name": "minecraft:nether_brick_slab"
            },
            "probability": 0.6
          }
        ]
      }
    },
    {
      "processor_type": "betterjungletemples:block_replace_processor",
      "copy_input_properties": true,
      "target_block": {
        "Name": "minecraft:smooth_red_sandstone_slab"
      },
      "output": {
        "defaultBlockState": {
          "Name": "minecraft:nether_brick_slab"
        },
        "entries": [
          {
            "blockState": {
              "Name": "minecraft:nether_brick_slab"
            },
            "probability": 0.6
          }
        ]
      }
    },
    {
      "processor_type": "betterjungletemples:block_replace_processor",
      "copy_input_properties": true,
      "target_block": {
        "Name": "minecraft:cut_red_sandstone_slab"
      },
      "output": {
        "defaultBlockState": {
          "Name": "minecraft:nether_brick_slab"
        },
        "entries": [
          {
            "blockState": {
              "Name": "minecraft:nether_brick_slab"
            },
            "probability": 0.6
          }
        ]
      }
    },
    {
      "processor_type": "betterjungletemples:block_replace_processor",
      "copy_input_properties": true,
      "target_block": {
        "Name": "minecraft:red_sandstone_wall"
      },
      "output": {
        "defaultBlockState": {
          "Name": "minecraft:nether_brick_wall"
        },
        "entries": [
          {
            "blockState": {
              "Name": "minecraft:nether_brick_wall"
            },
            "probability": 0.6
          }
        ]
      }
    },
    {
      "processor_type": "betterjungletemples:block_replace_processor",
      "target_block": {
        "Name": "minecraft:chiseled_red_sandstone"
      },
      "output": {
        "defaultBlockState": {
          "Name": "minecraft:polished_blackstone_bricks"
        },
        "entries": [
          {
            "blockState": {
              "Name": "minecraft:cracked_polished_blackstone_bricks"
            },
            "probability": 0.75
          }
        ]
      }
    },
    {
      "processor_type": "betterjungletemples:block_replace_processor",
      "randomize_facing": true,
      "target_block": {
        "Name": "minecraft:red_sandstone"
      },
      "output": {
        "defaultBlockState": {
          "Name": "minecraft:soul_sand"
        },
        "entries": [
          {
            "blockState": {
              "Name": "minecraft:soul_sand"
            },
            "probability": 0.4
          },
          {
            "blockState": {
              "Name": "minecraft:nether_brick_slab"
            },
            "probability": 0.1
          },
          {
            "blockState": {
              "Name": "minecraft:nether_brick_slab"
            },
            "probability": 0.1
          },
          {
            "blockState": {
              "Name": "minecraft:nether_brick_stairs"
            },
            "probability": 0.1
          },
          {
            "blockState": {
              "Name": "minecraft:nether_brick_stairs"
            },
            "probability": 0.1
          }
        ]
      }
    },
    {
      "processor_type": "betterjungletemples:block_replace_processor",
      "copy_input_properties": true,
      "target_block": {
        "Name": "minecraft:red_sandstone_stairs"
      },
      "output": {
        "defaultBlockState": {
          "Name": "minecraft:nether_brick_stairs"
        },
        "entries": [
          {
            "blockState": {
              "Name": "minecraft:nether_brick_stairs"
            },
            "probability": 0.6
          }
        ]
      }
    },
    {
      "processor_type": "betterjungletemples:block_replace_processor",
      "copy_input_properties": true,
      "target_block": {
        "Name": "minecraft:smooth_red_sandstone_stairs"
      },
      "output": {
        "defaultBlockState": {
          "Name": "minecraft:nether_brick_stairs"
        },
        "entries": [
          {
            "blockState": {
              "Name": "minecraft:nether_brick_stairs"
            },
            "probability": 0.6
          }
        ]
      }
    },
    {
      "processor_type": "betterjungletemples:block_replace_processor",
      "copy_input_properties": true,
      "target_block": {
        "Name": "minecraft:granite_stairs"
      },
      "output": {
        "defaultBlockState": {
          "Name": "minecraft:nether_brick_stairs"
        },
        "entries": [
          {
            "blockState": {
              "Name": "minecraft:nether_brick_stairs"
            },
            "probability": 0.3
          },
          {
            "blockState": {
              "Name": "minecraft:nether_brick_slab"
            },
            "probability": 0.1
          },
          {
            "blockState": {
              "Name": "minecraft:nether_brick_slab"
            },
            "probability": 0.1
          },
          {
            "blockState": {
              "Name": "minecraft:air"
            },
            "probability": 0.2
          }
        ]
      }
    },
    {
      "processor_type": "betterjungletemples:block_replace_processor",
      "copy_input_properties": true,
      "randomize_half": true,
      "target_block": {
        "Name": "minecraft:polished_granite_stairs"
      },
      "output": {
        "defaultBlockState": {
          "Name": "minecraft:soul_soil"
        },
        "entries": [
          {
            "blockState": {
              "Name": "minecraft:soul_sand"
            },
            "probability": 0.3
          },
          {
            "blockState": {
              "Name": "minecraft:nether_brick_stairs"
            },
            "probability": 0.1
          },
          {
            "blockState": {
              "Name": "minecraft:nether_brick_stairs"
            },
            "probability": 0.1
          }
        ]
      }
    },
    {
      "processor_type": "betterjungletemples:block_replace_processor",
      "target_block": {
        "Name": "minecraft:bricks"
      },
      "output": {
        "defaultBlockState": {
          "Name": "minecraft:soul_soil"
        },
        "entries": [
          {
            "blockState": {
              "Name": "minecraft:soul_sand"
            },
            "probability": 0.6
          }
        ]
      }
    },
    {
      "processor_type": "betterjungletemples:block_replace_processor",
      "copy_input_properties": true,
      "target_block": {
        "Name": "minecraft:granite_slab"
      },
      "output": {
        "defaultBlockState": {
          "Name": "minecraft:nether_brick_slab"
        },
        "entries": [
          {
            "blockState": {
              "Name": "minecraft:nether_brick_slab"
            },
            "probability": 0.6
          }
        ]
      }
    },
    {
      "processor_type": "betterjungletemples:block_replace_processor",
      "copy_input_properties": true,
      "target_block": {
        "Name": "minecraft:polished_granite_slab"
      },
      "output": {
        "defaultBlockState": {
          "Name": "minecraft:nether_brick_slab"
        },
        "entries": [
          {
            "blockState": {
              "Name": "minecraft:nether_brick_slab"
            },
            "probability": 0.6
          }
        ]
      }
    },
    {
      "processor_type": "betterjungletemples:block_replace_processor",
      "target_block": {
        "Name": "minecraft:dead_tube_coral_block"
      },
      "output": {
        "defaultBlockState": {
          "Name": "minecraft:lava"
        },
        "entries": [
        ]
      }
    },
    {
      "processor_type": "minecraft:rule",
      "rules": [
        {
          "location_predicate": {
            "predicate_type": "minecraft:always_true"
          },
          "input_predicate": {
            "predicate_type": "minecraft:random_block_match",
            "block": "minecraft:torch",
            "probability": 0.9
          },
          "output_state": {
            "Name": "minecraft:air"
          }
        },
        {
          "location_predicate": {
            "predicate_type": "minecraft:always_true"
          },
          "input_predicate": {
            "predicate_type": "minecraft:random_block_match",
            "block": "minecraft:soul_torch",
            "probability": 0.9
          },
          "output_state": {
            "Name": "minecraft:air"
          }
        },
        {
          "location_predicate": {
            "predicate_type": "minecraft:always_true"
          },
          "input_predicate": {
            "predicate_type": "minecraft:random_block_match",
            "block": "minecraft:wall_torch",
            "probability": 0.9
          },
          "output_state": {
            "Name": "minecraft:air"
          }
        },
        {
          "location_predicate": {
            "predicate_type": "minecraft:always_true"
          },
          "input_predicate": {
            "predicate_type": "minecraft:random_block_match",
            "block": "minecraft:soul_wall_torch",
            "probability": 0.9
          },
          "output_state": {
            "Name": "minecraft:air"
          }
        },
        {
          "location_predicate": {
            "predicate_type": "minecraft:always_true"
          },
          "input_predicate": {
            "predicate_type": "minecraft:block_match",
            "block": "minecraft:green_stained_glass"
          },
          "output_state": {
            "Name": "minecraft:air"
          }
        }
      ]
    }
  ]
}