{
  "processors": [
    {
      "processor_type": "betterjungletemples:empty_dispenser_processor"
    },
    {
      "processor_type": "betterjungletemples:fireball_dispenser_processor"
    },
    {
      "processor_type": "betterjungletemples:cave_vine_decoration_processor"
    },
    {
      "processor_type": "betterjungletemples:torch_processor"
    },
    {
      "processor_type": "betterjungletemples:blast_furnace_processor"
    },
    {
      "processor_type": "betterjungletemples:item_frame_processor"
    },
    {
      "processor_type": "betterjungletemples:block_replace_processor",
      "target_block": {
        "Name": "minecraft:blue_concrete"
      },
      "output": {
        "defaultBlockState": {
          "Name": "minecraft:water"
        },
        "entries": [
          {
            "blockState": {
              "Name": "minecraft:spruce_wood"
            },
            "probability": 0.15
          },
          {
            "blockState": {
              "Name": "minecraft:spruce_wood"
            },
            "probability": 0.15
          }
        ]
      }
    },
    {
      "processor_type": "betterjungletemples:block_replace_processor",
      "target_block": {
        "Name": "minecraft:pink_concrete"
      },
      "output": {
        "defaultBlockState": {
          "Name": "minecraft:infested_stone_bricks"
        },
        "entries": [
        ]
      }
    },
    {
      "processor_type": "betterjungletemples:pillar_processor",
      "target_block": {
        "Name": "minecraft:orange_stained_glass"
      },
      "target_block_output": {
        "defaultBlockState": {
          "Name": "minecraft:stone_bricks"
        },
        "entries": [
          {
            "blockState": {
              "Name": "minecraft:mossy_stone_bricks"
            },
            "probability": 0.6
          }
        ]
      },
      "pillar_states": {
        "defaultBlockState": {
          "Name": "minecraft:spruce_wood"
        },
        "entries": [
          {
            "blockState": {
              "Name": "minecraft:spruce_wood"
            },
            "probability": 0.6
          }
        ]
      }
    },
    {
      "processor_type": "betterjungletemples:block_replace_processor",
      "target_block": {
        "Name": "minecraft:granite"
      },
      "output": {
        "defaultBlockState": {
          "Name": "minecraft:spruce_wood"
        },
        "entries": [
          {
            "blockState": {
              "Name": "minecraft:spruce_wood"
            },
            "probability": 0.4
          },
          {
            "blockState": {
              "Name": "minecraft:moss_block"
            },
            "probability": 0.05
          },
          {
            "blockState": {
              "Name": "minecraft:grass_block"
            },
            "probability": 0.05
          },
          {
            "blockState": {
              "Name": "minecraft:spruce_slab"
            },
            "probability": 0.1
          },
          {
            "blockState": {
              "Name": "minecraft:spruce_slab"
            },
            "probability": 0.1
          }
        ]
      }
    },
    {
      "processor_type": "betterjungletemples:block_replace_processor",
      "target_block": {
        "Name": "minecraft:polished_granite"
      },
      "output": {
        "defaultBlockState": {
          "Name": "minecraft:spruce_wood"
        },
        "entries": [
          {
            "blockState": {
              "Name": "minecraft:stripped_spruce_wood"
            },
            "probability": 0.1
          },
          {
            "blockState": {
              "Name": "minecraft:spruce_wood"
            },
            "probability": 0.5
          }
        ]
      }
    },
    {
      "processor_type": "betterjungletemples:block_replace_processor",
      "target_block": {
        "Name": "minecraft:smooth_red_sandstone"
      },
      "output": {
        "defaultBlockState": {
          "Name": "minecraft:stone_bricks"
        },
        "entries": [
          {
            "blockState": {
              "Name": "minecraft:mossy_stone_bricks"
            },
            "probability": 0.6
          }
        ]
      }
    },
    {
      "processor_type": "betterjungletemples:block_replace_processor",
      "copy_input_properties": true,
      "target_block": {
        "Name": "minecraft:red_sandstone_slab"
      },
      "output": {
        "defaultBlockState": {
          "Name": "minecraft:stone_brick_slab"
        },
        "entries": [
          {
            "blockState": {
              "Name": "minecraft:mossy_stone_brick_slab"
            },
            "probability": 0.6
          }
        ]
      }
    },
    {
      "processor_type": "betterjungletemples:block_replace_processor",
      "copy_input_properties": true,
      "target_block": {
        "Name": "minecraft:smooth_red_sandstone_slab"
      },
      "output": {
        "defaultBlockState": {
          "Name": "minecraft:stone_brick_slab"
        },
        "entries": [
          {
            "blockState": {
              "Name": "minecraft:mossy_stone_brick_slab"
            },
            "probability": 0.6
          }
        ]
      }
    },
    {
      "processor_type": "betterjungletemples:block_replace_processor",
      "copy_input_properties": true,
      "target_block": {
        "Name": "minecraft:cut_red_sandstone_slab"
      },
      "output": {
        "defaultBlockState": {
          "Name": "minecraft:stone_brick_slab"
        },
        "entries": [
          {
            "blockState": {
              "Name": "minecraft:mossy_stone_brick_slab"
            },
            "probability": 0.6
          }
        ]
      }
    },
    {
      "processor_type": "betterjungletemples:block_replace_processor",
      "copy_input_properties": true,
      "target_block": {
        "Name": "minecraft:red_sandstone_wall"
      },
      "output": {
        "defaultBlockState": {
          "Name": "minecraft:stone_brick_wall"
        },
        "entries": [
          {
            "blockState": {
              "Name": "minecraft:mossy_stone_brick_wall"
            },
            "probability": 0.6
          }
        ]
      }
    },
    {
      "processor_type": "betterjungletemples:block_replace_processor",
      "target_block": {
        "Name": "minecraft:chiseled_red_sandstone"
      },
      "output": {
        "defaultBlockState": {
          "Name": "minecraft:chiseled_stone_bricks"
        },
        "entries": [
          {
            "blockState": {
              "Name": "minecraft:infested_chiseled_stone_bricks"
            },
            "probability": 0.75
          }
        ]
      }
    },
    {
      "processor_type": "betterjungletemples:block_replace_processor",
      "randomize_facing": true,
      "target_block": {
        "Name": "minecraft:red_sandstone"
      },
      "output": {
        "defaultBlockState": {
          "Name": "minecraft:stone_bricks"
        },
        "entries": [
          {
            "blockState": {
              "Name": "minecraft:mossy_stone_bricks"
            },
            "probability": 0.4
          },
          {
            "blockState": {
              "Name": "minecraft:stone_brick_slab"
            },
            "probability": 0.1
          },
          {
            "blockState": {
              "Name": "minecraft:mossy_stone_brick_slab"
            },
            "probability": 0.1
          },
          {
            "blockState": {
              "Name": "minecraft:stone_brick_stairs"
            },
            "probability": 0.1
          },
          {
            "blockState": {
              "Name": "minecraft:mossy_stone_brick_stairs"
            },
            "probability": 0.1
          }
        ]
      }
    },
    {
      "processor_type": "betterjungletemples:block_replace_processor",
      "copy_input_properties": true,
      "target_block": {
        "Name": "minecraft:red_sandstone_stairs"
      },
      "output": {
        "defaultBlockState": {
          "Name": "minecraft:stone_brick_stairs"
        },
        "entries": [
          {
            "blockState": {
              "Name": "minecraft:mossy_stone_brick_stairs"
            },
            "probability": 0.6
          }
        ]
      }
    },
    {
      "processor_type": "betterjungletemples:block_replace_processor",
      "copy_input_properties": true,
      "target_block": {
        "Name": "minecraft:smooth_red_sandstone_stairs"
      },
      "output": {
        "defaultBlockState": {
          "Name": "minecraft:stone_brick_stairs"
        },
        "entries": [
          {
            "blockState": {
              "Name": "minecraft:mossy_stone_brick_stairs"
            },
            "probability": 0.6
          }
        ]
      }
    },
    {
      "processor_type": "betterjungletemples:block_replace_processor",
      "copy_input_properties": true,
      "target_block": {
        "Name": "minecraft:granite_stairs"
      },
      "output": {
        "defaultBlockState": {
          "Name": "minecraft:spruce_stairs"
        },
        "entries": [
          {
            "blockState": {
              "Name": "minecraft:spruce_stairs"
            },
            "probability": 0.3
          },
          {
            "blockState": {
              "Name": "minecraft:spruce_slab"
            },
            "probability": 0.1
          },
          {
            "blockState": {
              "Name": "minecraft:spruce_slab"
            },
            "probability": 0.1
          },
          {
            "blockState": {
              "Name": "minecraft:air"
            },
            "probability": 0.2
          }
        ]
      }
    },
    {
      "processor_type": "betterjungletemples:block_replace_processor",
      "copy_input_properties": true,
      "randomize_half": true,
      "target_block": {
        "Name": "minecraft:polished_granite_stairs"
      },
      "output": {
        "defaultBlockState": {
          "Name": "minecraft:spruce_wood"
        },
        "entries": [
          {
            "blockState": {
              "Name": "minecraft:spruce_wood"
            },
            "probability": 0.3
          },
          {
            "blockState": {
              "Name": "minecraft:spruce_stairs"
            },
            "probability": 0.1
          },
          {
            "blockState": {
              "Name": "minecraft:spruce_stairs"
            },
            "probability": 0.1
          }
        ]
      }
    },
    {
      "processor_type": "betterjungletemples:block_replace_processor",
      "target_block": {
        "Name": "minecraft:bricks"
      },
      "output": {
        "defaultBlockState": {
          "Name": "minecraft:spruce_wood"
        },
        "entries": [
          {
            "blockState": {
              "Name": "minecraft:spruce_wood"
            },
            "probability": 0.6
          }
        ]
      }
    },
    {
      "processor_type": "betterjungletemples:block_replace_processor",
      "copy_input_properties": true,
      "target_block": {
        "Name": "minecraft:granite_slab"
      },
      "output": {
        "defaultBlockState": {
          "Name": "minecraft:spruce_slab"
        },
        "entries": [
          {
            "blockState": {
              "Name": "minecraft:spruce_slab"
            },
            "probability": 0.6
          }
        ]
      }
    },
    {
      "processor_type": "betterjungletemples:block_replace_processor",
      "copy_input_properties": true,
      "target_block": {
        "Name": "minecraft:polished_granite_slab"
      },
      "output": {
        "defaultBlockState": {
          "Name": "minecraft:spruce_slab"
        },
        "entries": [
          {
            "blockState": {
              "Name": "minecraft:spruce_slab"
            },
            "probability": 0.6
          }
        ]
      }
    },
    {
      "processor_type": "betterjungletemples:block_replace_processor",
      "copy_input_properties": true,
      "target_block": {
        "Name": "minecraft:soul_wall_torch"
      },
      "output": {
        "defaultBlockState": {
          "Name": "minecraft:wall_torch"
        },
        "entries": [
        ]
      }
    },
    {
      "processor_type": "betterjungletemples:block_replace_processor",
      "target_block": {
        "Name": "minecraft:dead_tube_coral_block"
      },
      "output": {
        "defaultBlockState": {
          "Name": "minecraft:water"
        },
        "entries": [
        ]
      }
    }
  ]
}