{
  "name": "repurposed_structures:villages/mountains/houses",
  "fallback": "minecraft:empty",
  "elements": [
    {
      "weight": 4,
      "element": {
        "location": "dynamicvillage:villages/mountains/mech",
        "processors": "repurposed_structures:villages/mountains/mossify",
        "projection": "rigid",
        "element_type": "minecraft:legacy_single_pool_element"
      }
    },
    {
      "weight": 4,
      "element": {
        "location": "dynamicvillage:villages/mountains/miner",
        "processors": "repurposed_structures:villages/mountains/mossify",
        "projection": "rigid",
        "element_type": "minecraft:legacy_single_pool_element"
      }
    },
    {
      "weight": 4,
      "element": {
        "location": "dynamicvillage:villages/mountains/plumber",
        "processors": "repurposed_structures:villages/mountains/mossify",
        "projection": "rigid",
        "element_type": "minecraft:legacy_single_pool_element"
      }
    },
    {
      "weight": 4,
      "element": {
        "location": "dynamicvillage:villages/mountains/train",
        "processors": "repurposed_structures:villages/mountains/mossify",
        "projection": "rigid",
        "element_type": "minecraft:legacy_single_pool_element"
      }
    }
  ]
}