{
  "type": "minecraft:chest",
  "pools": [
    {
      "rolls": {
        "min": 2.0,
        "max": 5.0,
        "type": "minecraft:uniform"
      },
      "entries": [
        {
          "type": "minecraft:item",
          "weight": 5,
          "name": "minecraft:golden_sword"
        },
        {
          "type": "minecraft:item",
          "weight": 2,
          "functions": [
            {
              "function": "minecraft:enchant_with_levels",
              "levels": 20,
              "options": "#minecraft:on_random_loot"
            }
          ],
          "name": "minecraft:golden_sword"
        },
        {
          "type": "minecraft:item",
          "weight": 3,
          "name": "minecraft:iron_sword"
        },
        {
          "type": "minecraft:item",
          "weight": 1,
          "functions": [
            {
              "function": "minecraft:enchant_with_levels",
              "levels": 25,
              "options": "#minecraft:on_random_loot"
            }
          ],
          "name": "minecraft:iron_sword"
        },
        {
          "type": "minecraft:item",
          "weight": 1,
          "name": "minecraft:diamond_sword"
        },
        {
          "type": "minecraft:item",
          "weight": 1,
          "functions": [
            {
              "function": "minecraft:enchant_with_levels",
              "levels": 30,
              "options": "#minecraft:on_random_loot"
            }
          ],
          "name": "minecraft:diamond_sword"
        },
        {
          "type": "minecraft:item",
          "weight": 5,
          "name": "minecraft:golden_helmet"
        },
        {
          "type": "minecraft:item",
          "weight": 5,
          "name": "minecraft:golden_chestplate"
        },
        {
          "type": "minecraft:item",
          "weight": 5,
          "name": "minecraft:golden_leggings"
        },
        {
          "type": "minecraft:item",
          "weight": 5,
          "name": "minecraft:golden_boots"
        },
        {
          "type": "minecraft:item",
          "weight": 3,
          "name": "minecraft:chainmail_helmet"
        },
        {
          "type": "minecraft:item",
          "weight": 3,
          "name": "minecraft:chainmail_chestplate"
        },
        {
          "type": "minecraft:item",
          "weight": 3,
          "name": "minecraft:chainmail_leggings"
        },
        {
          "type": "minecraft:item",
          "weight": 3,
          "name": "minecraft:chainmail_boots"
        },
        {
          "type": "minecraft:item",
          "weight": 5,
          "name": "minecraft:iron_helmet"
        },
        {
          "type": "minecraft:item",
          "weight": 1,
          "functions": [
            {
              "function": "minecraft:enchant_with_levels",
              "levels": 20,
              "options": "#minecraft:on_random_loot"
            }
          ],
          "name": "minecraft:iron_helmet"
        },
        {
          "type": "minecraft:item",
          "weight": 5,
          "name": "minecraft:iron_chestplate"
        },
        {
          "type": "minecraft:item",
          "weight": 1,
          "functions": [
            {
              "function": "minecraft:enchant_with_levels",
              "levels": 20,
              "options": "#minecraft:on_random_loot"
            }
          ],
          "name": "minecraft:iron_chestplate"
        },
        {
          "type": "minecraft:item",
          "weight": 5,
          "name": "minecraft:iron_leggings"
        },
        {
          "type": "minecraft:item",
          "weight": 1,
          "functions": [
            {
              "function": "minecraft:enchant_with_levels",
              "levels": 20,
              "options": "#minecraft:on_random_loot"
            }
          ],
          "name": "minecraft:iron_leggings"
        },
        {
          "type": "minecraft:item",
          "weight": 5,
          "name": "minecraft:iron_boots"
        },
        {
          "type": "minecraft:item",
          "weight": 1,
          "functions": [
            {
              "function": "minecraft:enchant_with_levels",
              "levels": 20,
              "options": "#minecraft:on_random_loot"
            }
          ],
          "name": "minecraft:iron_boots"
        },
        {
          "type": "minecraft:item",
          "weight": 1,
          "name": "minecraft:diamond_helmet"
        },
        {
          "type": "minecraft:item",
          "weight": 1,
          "functions": [
            {
              "function": "minecraft:enchant_with_levels",
              "levels": 30,
              "options": "#minecraft:on_random_loot"
            }
          ],
          "name": "minecraft:diamond_helmet"
        },
        {
          "type": "minecraft:item",
          "weight": 1,
          "name": "minecraft:diamond_chestplate"
        },
        {
          "type": "minecraft:item",
          "weight": 1,
          "functions": [
            {
              "function": "minecraft:enchant_with_levels",
              "levels": 30,
              "options": "#minecraft:on_random_loot"
            }
          ],
          "name": "minecraft:diamond_chestplate"
        },
        {
          "type": "minecraft:item",
          "weight": 1,
          "name": "minecraft:diamond_leggings"
        },
        {
          "type": "minecraft:item",
          "weight": 1,
          "functions": [
            {
              "function": "minecraft:enchant_with_levels",
              "levels": 30,
              "options": "#minecraft:on_random_loot"
            }
          ],
          "name": "minecraft:diamond_leggings"
        },
        {
          "type": "minecraft:item",
          "weight": 1,
          "name": "minecraft:diamond_boots"
        },
        {
          "type": "minecraft:item",
          "weight": 1,
          "functions": [
            {
              "function": "minecraft:enchant_with_levels",
              "levels": 30,
              "options": "#minecraft:on_random_loot"
            }
          ],
          "name": "minecraft:diamond_boots"
        },
        {
          "type": "minecraft:item",
          "weight": 6,
          "name": "minecraft:shield"
        },
        {
          "type": "minecraft:item",
          "weight": 5,
          "name": "minecraft:bow"
        },
        {
          "type": "minecraft:item",
          "weight": 1,
          "functions": [
            {
              "function": "minecraft:enchant_with_levels",
              "levels": 30,
              "options": "#minecraft:on_random_loot"
            }
          ],
          "name": "minecraft:bow"
        },
        {
          "type": "minecraft:item",
          "weight": 7,
          "functions": [
            {
              "function": "minecraft:set_count",
              "count": {
                "min": 2.0,
                "max": 7.0,
                "type": "minecraft:uniform"
              }
            }
          ],
          "name": "minecraft:gold_ingot"
        },
        {
          "type": "minecraft:item",
          "weight": 7,
          "functions": [
            {
              "function": "minecraft:set_count",
              "count": {
                "min": 2.0,
                "max": 7.0,
                "type": "minecraft:uniform"
              }
            }
          ],
          "name": "minecraft:gold_block"
        }
      ]
    },
    {
      "rolls": 0,
      "bonus_rolls": 1,
      "entries": [
        {
          "name": "minecraft:pink_banner",
          "type": "minecraft:item",
          "weight": 5,
          "functions": [
            {
              "function":"set_nbt",
              "tag":"{BlockEntityTag:{Patterns:[{Pattern:cs,Color:0},{Pattern:cs,Color:0},{Pattern:cs,Color:0},{Pattern:bo,Color:3},{Pattern:bo,Color:3},{Pattern:bo,Color:3}]}}"
            }
          ]
        },
        {
          "type": "minecraft:empty",
          "weight": 47
        },
        {
          "name": "minecraft:red_banner",
          "type": "minecraft:item",
          "weight": 18,
          "functions": [
            {
              "function":"set_nbt",
              "tag":"{BlockEntityTag:{Patterns:[{Pattern:bl,Color:15},{Pattern:tr,Color:15},{Pattern:bri,Color:15},{Pattern:bri,Color:14},{Pattern:gru,Color:14},{Pattern:bo,Color:15},{Pattern:tts,Color:15},{Pattern:bts,Color:15},{Pattern:cs,Color:15},{Pattern:mr,Color:15},{Pattern:mc,Color:14},{Pattern:mc,Color:15}]}}"
            }
          ]
        },
        {
          "name": "minecraft:ender_eye",
          "type": "minecraft:item",
          "weight": 35
        }
      ]
    }
  ]
}