{
  "name": "hexfortress:jungle/low_bridges",
  "fallback": "hexfortress:jungle/low_bridge_end",
  "elements": [
    {
      "weight": 120,
      "element": {
        "element_type": "minecraft:single_pool_element",
        "projection": "rigid",
        "location": "hexfortress:jungle/low_bridge/straight",
        "processors": "hexfortress:jungle/decor/crying_obsidian_20"
      }
    },
    {
      "weight": 30,
      "element": {
        "element_type": "minecraft:single_pool_element",
        "projection": "rigid",
        "location": "hexfortress:jungle/low_bridge/straight_broken",
        "processors": "hexfortress:jungle/decor/random_nether_brick_pile"
      }
    },
    {
      "weight": 30,
      "element": {
        "element_type": "minecraft:single_pool_element",
        "projection": "rigid",
        "location": "hexfortress:jungle/low_bridge/straight_lava",
        "processors": "hexfortress:jungle/decor/random_nether_brick_pile"
      }
    },
    {
      "weight": 40,
      "element": {
        "element_type": "minecraft:single_pool_element",
        "projection": "rigid",
        "location": "hexfortress:jungle/low_bridge/cross",
        "processors": "hexfortress:jungle/decor/crying_obsidian_20"
      }
    },
    {
      "weight": 10,
      "element": {
        "element_type": "minecraft:single_pool_element",
        "projection": "rigid",
        "location": "hexfortress:jungle/low_bridge/cross_broken",
        "processors": "hexfortress:jungle/decor/random_nether_brick_pile"
      }
    },
    {
      "weight": 10,
      "element": {
        "element_type": "minecraft:single_pool_element",
        "projection": "rigid",
        "location": "hexfortress:jungle/low_bridge/cross_lava",
        "processors": "hexfortress:jungle/decor/crying_obsidian_20"
      }
    },
    {
      "weight": 20,
      "element": {
        "element_type": "minecraft:single_pool_element",
        "projection": "rigid",
        "location": "hexfortress:jungle/low_bridge/end",
        "processors": "hexfortress:jungle/decor/crying_obsidian_20"
      }
    },
    {
      "weight": 5,
      "element": {
        "element_type": "minecraft:single_pool_element",
        "projection": "rigid",
        "location": "hexfortress:jungle/low_bridge/end_broken",
        "processors": "hexfortress:jungle/decor/random_nether_brick_pile"
      }
    }
  ]
}