{
  "type": "repurposed_structures:generic_jigsaw_structure",
  "start_pool": "bettertemples:soul/starts",
  "size": 11,
  "max_distance_from_center": 116,
  "biomes": "#repurposed_structures:has_structure/temples/nether_soul",
  "step": "surface_structures",
  "terrain_adaptation": "beard_box",
  "liquid_settings": "ignore_waterlogging",
  "start_height": {
    "absolute": 32
  },
  "spawn_overrides": {
    "monster": {
      "bounding_box": "piece",
      "spawns": [
      ]
    },
    "creature": {
      "bounding_box": "piece",
      "spawns": [
      ]
    },
    "ambient": {
      "bounding_box": "piece",
      "spawns": [
      ]
    }
  },
  "pools_that_ignore_boundaries": [
    "bettertemples:soul/challenge_room_emerald_water_bottom"
  ]
}