{
  "type": "repurposed_structures:generic_jigsaw_structure",
  "start_pool": "bettertemples:taiga/starts",
  "size": 11,
  "max_distance_from_center": 116,
  "biomes": "#repurposed_structures:has_structure/temples/taiga",
  "step": "surface_structures",
  "terrain_adaptation": "none",
  "project_start_to_heightmap": "WORLD_SURFACE_WG",
  "burying_type": "AVERAGE_LAND",
  "liquid_settings": "ignore_waterlogging",
  "start_height": {
    "absolute": -2
  },
  "spawn_overrides": {
    "monster": {
      "bounding_box": "piece",
      "spawns": [
      ]
    },
    "creature": {
      "bounding_box": "piece",
      "spawns": [
      ]
    },
    "ambient": {
      "bounding_box": "piece",
      "spawns": [
      ]
    }
  },
  "pools_that_ignore_boundaries": [
    "bettertemples:taiga/challenge_room_emerald_water_bottom"
  ]
}