{
  "name": "repurposed_structures:villages/ocean/houses",
  "fallback": "repurposed_structures:villages/ocean/terminators",
  "elements": [
    {
      "weight": 3,
      "element": {
        "location": "morevillagers:village/ocean/engineer",
        "processors": "repurposed_structures:villages/ocean/randomize",
        "projection": "rigid",
        "element_type": "minecraft:legacy_single_pool_element"
      }
    },
    {
      "weight": 1,
      "element": {
        "location": "morevillagers:village/ocean/florist",
        "processors": "repurposed_structures:villages/ocean/randomize",
        "projection": "rigid",
        "element_type": "minecraft:legacy_single_pool_element"
      }
    },
    {
      "weight": 2,
      "element": {
        "location": "morevillagers:village/ocean/hunter",
        "processors": "repurposed_structures:villages/ocean/randomize",
        "projection": "rigid",
        "element_type": "minecraft:legacy_single_pool_element"
      }
    },
    {
      "weight": 6,
      "element": {
        "location": "morevillagers:village/ocean/oceanographer",
        "processors": "repurposed_structures:villages/ocean/randomize",
        "projection": "rigid",
        "element_type": "minecraft:legacy_single_pool_element"
      }
    },
    {
      "weight": 1,
      "element": {
        "location": "morevillagers:village/ocean/woodworker",
        "processors": "repurposed_structures:villages/ocean/randomize",
        "projection": "rigid",
        "element_type": "minecraft:legacy_single_pool_element"
      }
    }
  ]
}
