{
  "type": "minecraft:chest",
  "pools": [
    {
      "rolls": {
        "min": 3.0,
        "max": 10.0,
        "type": "minecraft:uniform"
      },
      "entries": [
        {
          "type": "minecraft:item",
          "weight": 5,
          "functions": [
            {
              "function": "minecraft:set_count",
              "count": {
                "min": 1.0,
                "max": 3.0,
                "type": "minecraft:uniform"
              }
            }
          ],
          "name": "minecraft:nether_wart"
        },
        {
          "type": "minecraft:item",
          "weight": 5,
          "functions": [
            {
              "function": "minecraft:set_count",
              "count": {
                "min": 1.0,
                "max": 3.0,
                "type": "minecraft:uniform"
              }
            }
          ],
          "name": "minecraft:blaze_rod"
        },
        {
          "type": "minecraft:item",
          "weight": 5,
          "functions": [
            {
              "function": "minecraft:set_count",
              "count": {
                "min": 1.0,
                "max": 3.0,
                "type": "minecraft:uniform"
              }
            }
          ],
          "name": "minecraft:ghast_tear"
        },
        {
          "type": "minecraft:item",
          "weight": 3,
          "functions": [
            {
              "function": "minecraft:set_count",
              "count": {
                "min": 1.0,
                "max": 2.0,
                "type": "minecraft:uniform"
              }
            }
          ],
          "name": "minecraft:mushroom_stew"
        },
        {
          "type": "minecraft:item",
          "weight": 3,
          "functions": [
            {
              "function": "minecraft:set_count",
              "count": {
                "min": 3.0,
                "max": 7.0,
                "type": "minecraft:uniform"
              }
            }
          ],
          "name": "minecraft:crimson_fungus"
        },
        {
          "type": "minecraft:item",
          "weight": 3,
          "functions": [
            {
              "function": "minecraft:set_count",
              "count": {
                "min": 3.0,
                "max": 7.0,
                "type": "minecraft:uniform"
              }
            }
          ],
          "name": "minecraft:warped_fungus"
        },
        {
          "type": "minecraft:item",
          "weight": 3,
          "functions": [
            {
              "function": "minecraft:set_count",
              "count": {
                "min": 5.0,
                "max": 7.0,
                "type": "minecraft:uniform"
              }
            }
          ],
          "name": "minecraft:beetroot"
        },
        {
          "type": "minecraft:item",
          "weight": 2,
          "name": "minecraft:golden_apple"
        }
      ]
    },
    {
      "rolls": 1,
      "entries": [
        {
          "type": "minecraft:loot_table",
          "value": "repurposed_structures:chests/lucky_pool"
        }
      ]
    },
    {
      "rolls": 0,
      "bonus_rolls": 1,
      "entries": [
        {
          "type": "minecraft:empty",
          "weight": 47
        },
        {
          "name": "minecraft:red_banner",
          "type": "minecraft:item",
          "weight": 18,
          "functions": [
            {
              "function": "minecraft:set_banner_pattern",
              "append": true,
              "patterns": [
                {
                  "pattern": "minecraft:square_bottom_left",
                  "color": "black"
                },
                {
                  "pattern": "minecraft:square_top_right",
                  "color": "black"
                },
                {
                  "pattern": "minecraft:bricks",
                  "color": "black"
                },
                {
                  "pattern": "minecraft:bricks",
                  "color": "red"
                },
                {
                  "pattern": "minecraft:gradient_up",
                  "color": "red"
                },
                {
                  "pattern": "minecraft:border",
                  "color": "black"
                },
                {
                  "pattern": "minecraft:triangles_top",
                  "color": "black"
                },
                {
                  "pattern": "minecraft:triangles_bottom",
                  "color": "black"
                },
                {
                  "pattern": "minecraft:stripe_center",
                  "color": "black"
                },
                {
                  "pattern": "minecraft:rhombus",
                  "color": "black"
                },
                {
                  "pattern": "minecraft:circle",
                  "color": "red"
                },
                {
                  "pattern": "minecraft:circle",
                  "color": "black"
                }
              ]
            }
          ]
        },
        {
          "name": "minecraft:ender_eye",
          "type": "minecraft:item",
          "weight": 35
        }
      ]
    }
  ]
}