{
  "processors": [
    {
      "rules": [
        {
          "output_state": {
            "Name": "minecraft:mossy_cobblestone"
          },
          "input_predicate": {
            "block": "minecraft:cobblestone",
            "probability": 0.1,
            "predicate_type": "minecraft:random_block_match"
          },
          "location_predicate": {
            "predicate_type": "minecraft:always_true"
          }
        },
        {
          "output_state": {
            "Name": "minecraft:mossy_stone_bricks"
          },
          "input_predicate": {
            "block": "minecraft:stone_bricks",
            "probability": 0.5,
            "predicate_type": "minecraft:random_block_match"
          },
          "location_predicate": {
            "predicate_type": "minecraft:always_true"
          }
        },
        {
          "output_state": {
            "Name": "minecraft:cracked_stone_bricks"
          },
          "input_predicate": {
            "block": "minecraft:stone_bricks",
            "probability": 0.1,
            "predicate_type": "minecraft:random_block_match"
          },
          "location_predicate": {
            "predicate_type": "minecraft:always_true"
          }
        },
        {
          "output_state": {
            "Properties": {
              "waterlogged": "false",
              "shape": "straight",
              "half": "bottom",
              "facing": "north"
            },
            "Name": "minecraft:mossy_cobblestone_stairs"
          },
          "input_predicate": {
            "block": "minecraft:stone_brick_stairs",
            "probability": 0.5,
            "predicate_type": "minecraft:random_block_match"
          },
          "location_predicate": {
            "predicate_type": "minecraft:always_true"
          }
        },
        {
          "output_state": {
            "Properties": {
              "waterlogged": "false",
              "type": "bottom"
            },
            "Name": "minecraft:mossy_stone_brick_slab"
          },
          "input_predicate": {
            "block": "minecraft:stone_brick_slab",
            "probability": 0.1,
            "predicate_type": "minecraft:random_block_match"
          },
          "location_predicate": {
            "predicate_type": "minecraft:always_true"
          }
        },
        {
          "output_state": {
            "Properties": {
              "west": "none",
              "waterlogged": "false",
              "up": "true",
              "south": "none",
              "north": "none",
              "east": "none"
            },
            "Name": "minecraft:mossy_stone_brick_wall"
          },
          "input_predicate": {
            "block": "minecraft:stone_brick_wall",
            "probability": 0.1,
            "predicate_type": "minecraft:random_block_match"
          },
          "location_predicate": {
            "predicate_type": "minecraft:always_true"
          }
        }
      ],
      "processor_type": "minecraft:rule"
    },
    {
      "processor_type": "repurposed_structures:waterlogging_fix_processor"
    }
  ]
}