{
  "name": "repurposed_structures:villages/mushroom/houses",
  "fallback": "minecraft:empty",
  "elements": [
    {
      "weight": 4,
      "element": {
        "location": "dynamicvillage:villages/mushroom/mech",
        "processors": "repurposed_structures:villages/mushroom/general_randomizer",
        "projection": "rigid",
        "element_type": "minecraft:legacy_single_pool_element"
      }
    },
    {
      "weight": 4,
      "element": {
        "location": "dynamicvillage:villages/mushroom/miner",
        "processors": "repurposed_structures:villages/mushroom/general_randomizer",
        "projection": "rigid",
        "element_type": "minecraft:legacy_single_pool_element"
      }
    },
    {
      "weight": 4,
      "element": {
        "location": "dynamicvillage:villages/mushroom/plumber",
        "processors": "repurposed_structures:villages/mushroom/general_randomizer",
        "projection": "rigid",
        "element_type": "minecraft:legacy_single_pool_element"
      }
    },
    {
      "weight": 4,
      "element": {
        "location": "dynamicvillage:villages/mushroom/train",
        "processors": "repurposed_structures:villages/mushroom/general_randomizer",
        "projection": "rigid",
        "element_type": "minecraft:legacy_single_pool_element"
      }
    }
  ]
}