{
  "name": "repurposed_structures:villages/warped/houses",
  "fallback": "minecraft:empty",
  "elements": [
    {
      "weight": 6,
      "element": {
        "location": "chefsdelight:villages/warped/cook_house",
        "processors": "repurposed_structures:villages/warped/randomizer",
        "projection": "rigid",
        "element_type": "minecraft:legacy_single_pool_element"
      }
    },
    {
      "weight": 6,
      "element": {
        "location": "chefsdelight:villages/warped/chef_house",
        "processors": "repurposed_structures:villages/warped/randomizer",
        "projection": "rigid",
        "element_type": "minecraft:legacy_single_pool_element"
      }
    }
  ]
}