{
  "name": "repurposed_structures:villages/oak/houses",
  "fallback": "repurposed_structures:villages/oak/terminators",
  "elements": [
    {
      "weight": 5,
      "element": {
        "location": "strange:villages/oak/houses/oak_beejack",
        "processors": "repurposed_structures:villages/strange_processing",
        "projection": "rigid",
        "element_type": "minecraft:legacy_single_pool_element"
      }
    },
    {
      "weight": 5,
      "element": {
        "location": "strange:villages/oak/houses/oak_beekeeper_1",
        "processors": "repurposed_structures:villages/strange_processing",
        "projection": "rigid",
        "element_type": "minecraft:legacy_single_pool_element"
      }
    },
    {
      "weight": 5,
      "element": {
        "location": "strange:villages/oak/houses/oak_lumberjack_1",
        "processors": "repurposed_structures:villages/strange_processing",
        "projection": "rigid",
        "element_type": "minecraft:legacy_single_pool_element"
      }
    }
  ]
}